Field,ID,Type (Type),default,en-us,zh-hans,zh-hant,nl,en-au,en-ca,en-gb,fr,de,it,ja,ko,pt-br,pt-pt,ru,es-mx,es-es,sv
Description,2,Text,,"Edendale is a free, open-source video player and personal watch tracker for Windows. Play the movies and shows you already own, discover what's trending, and keep track of everything you watch. No account, no ads and no analytics.

YOUR LIBRARY, ORGANIZED
Add folders from your PC or from network storage. Edendale reads movie and episode names from your filenames on your device first, then adds posters, cast, seasons and episode details from TMDB. Browse trending, popular and top-rated titles, search by title or person, filter by release date, and open detail pages with cast and full season lists. If a title is stored in more than one place, Edendale plays the first copy it can reach.

A PLAYER MADE FOR MOVIES AND SHOWS
Edendale is built on the open-source LibVLC engine and plays MKV, MP4, AVI, MOV, WMV, WebM, TS/M2TS, MPEG, FLV, 3GP and more without installing extra codecs.
• Full screen, Picture in Picture and display refresh-rate matching
• Speed from 0.25x to 3x, press-and-hold fast forward, and 10, 15 or 30 second skips
• Video, audio and subtitle track selection, with audio and subtitle delay
• Picture adjustments: brightness, contrast, gamma, saturation and hue
• 10-band equalizer with presets, Audio Booster and Headphone Surround
• Chapter marks on the timeline and a chapter list
• An Up Next card that moves on to the next episode
• Optional Skip Intro, Recap and Credits prompts. They are off by default, and nothing is skipped until you click.
• Speed and track choices remembered for each title

SUBTITLES
Use embedded subtitles or subtitle files next to your video, or search online for subtitles for titles matched on TMDB. A downloaded subtitle stays with its title and is removed after 30 days unused. Choose the font, color and background. Subtitle size follows your Windows text size setting.

KEEP TRACK OF WHAT YOU WATCH
Edendale saves your progress as you watch, so you can pick up where you left off from Continue Watching. Mark titles as watched, add favorites, give star ratings, and keep a Watchlist of movies and shows to watch next. The Young Audience filter shows only titles rated PG, PG-13, TV-PG or TV-14. You can optionally connect a TMDB account to sync favorites, ratings and your watchlist.

PLAY FROM WHERE YOUR MEDIA LIVES
Play from local folders, SMB network shares, SFTP, WebDAV, NFS and S3-compatible storage, as well as Google Drive, OneDrive and Dropbox. Sign-ins are optional and stay on your PC.

SMOOTHER, SHARPER VIDEO (EXPERIMENTAL)
Optional video enhancement uses supported NVIDIA, AMD and Intel graphics for super resolution. Experimental Frame Generation doubles the frame rate of video at 30 fps or lower. Both are off until you turn them on, and Edendale falls back to normal playback for sources they can't handle.

MAKE IT YOURS
• Choose how the player looks and sounds, from subtitle style and picture settings to equalizer presets
• Keyboard shortcuts, mouse and touch gestures, and Xbox controller support in the player
• Taskbar play controls and a Continue Watching jump list
• Screen-reader labels and announcements. Respects your Windows animation and text-size settings.
• Available in English, German, Spanish, French, Italian, Japanese, Korean, Dutch, Portuguese, Russian, Swedish and Chinese (Simplified and Traditional)

PRIVACY
Edendale has no account of its own, no ads and no analytics or telemetry. Your library and watch history are stored on your PC. If you use the OneDrive app, Edendale also keeps a copy of your saved titles and watch progress in your own OneDrive, so they follow you to your other PCs. Titles are looked up on TMDB to get artwork and details. Subtitle search, skip prompts and linked storage only connect when you use them. Trailers open in your browser only when you choose to play them.

OPEN SOURCE
Edendale is open source under the Mozilla Public License 2.0. It includes LibVLC, used under the GNU LGPL.

This product uses the TMDB API but is not endorsed or certified by TMDB.","Edendale 是一款免费、开源的 Windows 视频播放器和个人观影记录工具。播放你已有的电影和剧集，发现当下热门内容，记录你看过的每一部作品。无需帐户，无广告，无统计分析。

【井井有条的媒体库】
从电脑或网络存储添加文件夹。Edendale 会先在你的设备上从文件名读取电影和单集名称，再从 TMDB 补充海报、演员、季和单集详情。浏览近期热门、广受欢迎和最高评分的作品，按片名或人物搜索，按发行日期筛选，还可打开包含演员阵容和完整季列表的详情页。如果同一部作品存放在多个位置，Edendale 会播放它能访问到的第一个副本。

【专为电影和剧集打造的播放器】
Edendale 基于开源的 LibVLC 引擎构建，无需额外安装解码器即可播放 MKV、MP4、AVI、MOV、WMV、WebM、TS/M2TS、MPEG、FLV、3GP 等格式。
• 全屏、画中画和显示器刷新率匹配
• 0.25x 至 3x 倍速播放、长按快进，以及 10、15 或 30 秒跳转
• 选择视频、音频和字幕轨道，并可调整音频和字幕延迟
• 画面调整：亮度、对比度、伽马、饱和度和色调
• 带预设的 10 段均衡器、音频增强和耳机环绕声
• 时间轴上的章节标记和章节列表
• “接下来”卡片，带你进入下一集
• 可选的“跳过片头”、“跳过前情提要”和“跳过片尾”提示。默认关闭，在你点击之前不会跳过任何内容。
• 为每部作品记住播放速度和轨道选择

【字幕】
可使用内嵌字幕或与视频放在一起的字幕文件，也可以为已在 TMDB 上匹配的作品在线搜索字幕。下载的字幕会与对应作品保存在一起，30 天未使用后将被删除。可自选字体、颜色和背景。字幕大小跟随 Windows 的文本大小设置。

【记录你看过的一切】
Edendale 会在你观看时保存进度，你可以在“继续观看”中从上次停下的地方接着看。你可以将作品标记为已观看、加入收藏、打星评分，并用“待看清单”记下接下来要看的电影和剧集。“适合青少年观看”筛选只显示分级为 PG、PG-13、TV-PG 或 TV-14 的作品。你还可以选择连接 TMDB 帐户，同步收藏、评分和待看清单。

【媒体在哪里，就从哪里播放】
支持从本地文件夹、SMB 网络共享、SFTP、WebDAV、NFS 和 S3 兼容存储播放，也支持 Google Drive、OneDrive 和 Dropbox。登录是可选的，登录信息仅保存在你的电脑上。

【更流畅、更清晰的画面（实验性）】
可选的视频增强功能可借助受支持的 NVIDIA、AMD 和 Intel 显卡实现超分辨率。实验性的帧生成功能可将不高于 30 fps 的视频帧率提高一倍。两项功能在你开启之前均保持关闭；遇到它们无法处理的片源时，Edendale 会回退为常规播放。

【随心定制】
• 自定义播放器的外观和声音：从字幕样式、画面设置到均衡器预设
• 播放器支持键盘快捷键、鼠标和触控手势，以及 Xbox 手柄
• 任务栏播放控制按钮和“继续观看”跳转列表
• 提供屏幕阅读器标签和播报。遵循你的 Windows 动画和文本大小设置。
• 界面语言支持英语、德语、西班牙语、法语、意大利语、日语、韩语、荷兰语、葡萄牙语、俄语、瑞典语和中文（简体和繁体）

【隐私】
Edendale 没有自己的帐户系统，没有广告，也没有任何统计分析或遥测。你的媒体库和观看记录保存在你的电脑上。如果你使用 OneDrive 应用，Edendale 还会在你自己的 OneDrive 中保留一份已保存作品和观看进度的副本，让它们随你来到你的其他电脑。Edendale 会在 TMDB 上查询作品，以获取图片和详情。字幕搜索、跳过提示和已链接的存储仅在你使用时才会联网。只有在你选择播放时，预告片才会在浏览器中打开。

【开源】
Edendale 基于 Mozilla Public License 2.0 开源。其中包含的 LibVLC 依据 GNU LGPL 使用。

本产品使用了 TMDB API，但未获得 TMDB 的认可或认证。","Edendale 是一款免費、開放原始碼的 Windows 影片播放器與個人觀影紀錄工具。播放你已擁有的電影和影集、探索當下熱門內容，並記錄你看過的每一部作品。無須帳戶、沒有廣告，也沒有使用分析。

【媒體櫃，井然有序】
從電腦或網路儲存空間新增資料夾。Edendale 會先在你的裝置上從檔名讀取電影和各集名稱，再從 TMDB 補上海報、演員、季和各集詳細資料。瀏覽近期熱門、廣受歡迎和最高評分的作品，依片名或人物搜尋、依發行日期篩選，並開啟包含演員陣容和完整季清單的詳細資料頁面。如果同一部作品存放在多個位置，Edendale 會播放它能存取到的第一個複本。

【專為電影和影集打造的播放器】
Edendale 以開放原始碼的 LibVLC 引擎打造，無須另外安裝編解碼器，即可播放 MKV、MP4、AVI、MOV、WMV、WebM、TS/M2TS、MPEG、FLV、3GP 等格式。
• 全螢幕、子母畫面和螢幕更新率匹配
• 0.25x 至 3x 播放速度、長按快轉，以及 10、15 或 30 秒跳轉
• 選擇視訊、音訊和字幕軌道，並可調整音訊和字幕延遲
• 畫面調整：亮度、對比、伽瑪、飽和度和色調
• 附預設組合的 10 段等化器、音訊增強和耳機環繞音效
• 時間軸上的章節標記和章節清單
• 「接下來」卡片，帶你接著看下一集
• 可選用的「略過片頭」、「略過前情提要」和「略過片尾」提示。預設為關閉，在你按下之前不會略過任何內容。
• 為每部作品記住播放速度和軌道選擇

【字幕】
可使用內嵌字幕或與影片放在一起的字幕檔，也能為已在 TMDB 上比對成功的作品線上搜尋字幕。下載的字幕會與對應作品保存在一起，30 天未使用後即會移除。可自選字型、顏色和背景。字幕大小會依照 Windows 的文字大小設定。

【記錄你看過的一切】
Edendale 會在你觀看時儲存進度，讓你從「繼續觀看」接續上次看到的地方。你可以將作品標示為已觀看、加入最愛、給予星級評分，並在「待看清單」中加入接下來想看的電影和影集。「適合青少年觀看」篩選只顯示分級為 PG、PG-13、TV-PG 或 TV-14 的作品。你也可以選擇連結 TMDB 帳戶，同步最愛、評分和待看清單。

【媒體在哪裡，就從哪裡播放】
可從本機資料夾、SMB 網路共用、SFTP、WebDAV、NFS 和 S3 相容儲存空間播放，也支援 Google Drive、OneDrive 和 Dropbox。登入為選用，登入資訊只會保留在你的電腦上。

【更流暢、更清晰的畫面（實驗性）】
選用的視訊增強功能可透過支援的 NVIDIA、AMD 和 Intel 顯示卡進行超解析度處理。實驗性的影格生成功能可將不超過 30 fps 的影片影格率提高一倍。這兩項功能在你開啟前都會保持關閉；遇到無法處理的來源時，Edendale 會改回一般播放。

【隨心自訂】
• 自訂播放器的外觀與聲音：從字幕樣式、畫面設定到等化器預設組合
• 播放器支援鍵盤快速鍵、滑鼠和觸控手勢，以及 Xbox 控制器
• 工作列播放控制項和「繼續觀看」跳躍清單
• 提供螢幕助讀程式標籤與朗讀提示。遵循你的 Windows 動畫和文字大小設定。
• 介面語言提供英文、德文、西班牙文、法文、義大利文、日文、韓文、荷蘭文、葡萄牙文、俄文、瑞典文及中文（簡體與繁體）

【隱私權】
Edendale 沒有自己的帳戶系統，沒有廣告，也沒有任何使用分析或遙測。你的媒體櫃和觀看紀錄都儲存在你的電腦上。如果你使用 OneDrive 應用程式，Edendale 也會在你自己的 OneDrive 中保留一份已儲存作品和觀看進度的複本，讓它們跟著你到其他電腦上。Edendale 會向 TMDB 查詢作品，以取得圖片和詳細資料。字幕搜尋、略過提示和已連結的儲存空間只會在你使用時連線。只有在你選擇播放時，預告片才會在瀏覽器中開啟。

【開放原始碼】
Edendale 採用 Mozilla Public License 2.0 開放原始碼授權。內含的 LibVLC 依 GNU LGPL 授權使用。

本產品使用 TMDB API，但未經 TMDB 認可或認證。","Edendale is een gratis opensource videospeler en persoonlijke kijktracker voor Windows. Speel de films en series af die je al hebt, ontdek wat er populair is en houd bij wat je allemaal kijkt. Geen account, geen advertenties en geen analytics.

JE BIBLIOTHEEK OP ORDE
Voeg mappen toe vanaf je pc of vanuit netwerkopslag. Edendale leest film- en afleveringsnamen eerst op je apparaat uit je bestandsnamen en voegt daarna posters, cast, seizoenen en afleveringsdetails van TMDB toe. Blader door trending, populaire en best beoordeelde titels, zoek op titel of persoon, filter op releasedatum en open detailpagina's met cast en volledige seizoenslijsten. Staat een titel op meer dan één plek, dan speelt Edendale de eerste kopie af die het kan bereiken.

EEN SPELER GEMAAKT VOOR FILMS EN SERIES
Edendale is gebouwd op de opensource LibVLC-engine en speelt MKV, MP4, AVI, MOV, WMV, WebM, TS/M2TS, MPEG, FLV, 3GP en meer af zonder dat je extra codecs hoeft te installeren.
• Volledig scherm, Beeld in beeld en afstemming op de verversingssnelheid van je scherm
• Snelheid van 0,25x tot 3x, snel vooruitspoelen door ingedrukt te houden en sprongen van 10, 15 of 30 seconden
• Keuze uit video-, audio- en ondertitelsporen, met audio- en ondertitelvertraging
• Beeldaanpassingen: helderheid, contrast, gamma, verzadiging en tint
• 10-bands equalizer met voorinstellingen, Audioversterker en Surround via koptelefoon
• Hoofdstukmarkeringen op de tijdlijn en een hoofdstukkenlijst
• Een “Hierna”-kaart die doorgaat naar de volgende aflevering
• Optionele knoppen voor “Intro overslaan”, “Samenvatting overslaan” en “Aftiteling overslaan”. Ze staan standaard uit en er wordt niets overgeslagen totdat je klikt.
• Snelheid en spoorkeuze worden per titel onthouden

ONDERTITELS
Gebruik ingebedde ondertitels of ondertitelbestanden naast je video, of zoek online naar ondertitels voor titels die aan TMDB zijn gekoppeld. Een gedownloade ondertitel blijft bij de bijbehorende titel en wordt na 30 dagen zonder gebruik verwijderd. Kies het lettertype, de kleur en de achtergrond. De grootte van ondertitels volgt je instelling voor tekstgrootte in Windows.

HOUD BIJ WAT JE KIJKT
Edendale slaat je voortgang op terwijl je kijkt, zodat je via “Verder kijken” verdergaat waar je was gebleven. Markeer titels als bekeken, voeg favorieten toe, geef beoordelingen met sterren en houd een Kijklijst bij met films en series die je hierna wilt zien. Het filter “Geschikt voor jong publiek” toont alleen titels met de leeftijdsclassificatie PG, PG-13, TV-PG of TV-14. Optioneel kun je een TMDB-account koppelen om favorieten, beoordelingen en je kijklijst te synchroniseren.

JE MEDIA, WAAR ZE OOK STAAN
Speel af vanuit lokale mappen, SMB-netwerkshares, SFTP, WebDAV, NFS en S3-compatibele opslag, en ook vanuit Google Drive, OneDrive en Dropbox. Inloggen is optioneel en je logins blijven op je pc.

VLOEIENDER, SCHERPER BEELD (EXPERIMENTEEL)
Optionele videoverbetering gebruikt ondersteunde grafische hardware van NVIDIA, AMD en Intel voor superresolutie. De experimentele Framegeneratie verdubbelt de framerate van video met 30 fps of minder. Beide staan uit totdat je ze inschakelt, en bij bronnen die ze niet aankunnen valt Edendale terug op normaal afspelen.

HELEMAAL NAAR JOUW SMAAK
• Bepaal hoe de speler eruitziet en klinkt, van ondertitelstijl en beeldinstellingen tot equalizer-voorinstellingen
• Sneltoetsen, muis- en aanraakgebaren, en ondersteuning voor Xbox-controllers in de speler
• Afspeelknoppen in de taakbalk en een jumplist voor “Verder kijken”
• Labels en meldingen voor schermlezers. Houdt rekening met je Windows-instellingen voor animaties en tekstgrootte.
• Beschikbaar in het Engels, Duits, Spaans, Frans, Italiaans, Japans, Koreaans, Nederlands, Portugees, Russisch, Zweeds en Chinees (vereenvoudigd en traditioneel)

PRIVACY
Edendale heeft geen eigen account, geen advertenties en geen analytics of telemetrie. Je bibliotheek en kijkgeschiedenis worden op je pc opgeslagen. Als je de OneDrive-app gebruikt, bewaart Edendale ook een kopie van je opgeslagen titels en kijkvoortgang in je eigen OneDrive, zodat ze je naar je andere pc's volgen. Titels worden opgezocht op TMDB om artwork en details op te halen. Het zoeken naar ondertitels, “Overslaan voorstellen” en gekoppelde opslag maken alleen verbinding als je ze gebruikt. Trailers openen alleen in je browser als je ervoor kiest ze af te spelen.

OPEN SOURCE
Edendale is open source onder de Mozilla Public License 2.0. Het bevat LibVLC, dat wordt gebruikt onder de GNU LGPL.

Dit product gebruikt de TMDB API, maar wordt niet door TMDB onderschreven of gecertificeerd.","Edendale is a free, open-source video player and personal watch tracker for Windows. Play the movies and shows you already own, discover what's trending, and keep track of everything you watch. No account, no ads and no analytics.

YOUR LIBRARY, ORGANISED
Add folders from your PC or from network storage. Edendale reads movie and episode names from your filenames on your device first, then adds posters, cast, seasons and episode details from TMDB. Browse trending, popular and top-rated titles, search by title or person, filter by release date, and open detail pages with cast and full season lists. If a title is stored in more than one place, Edendale plays the first copy it can reach.

A PLAYER MADE FOR MOVIES AND SHOWS
Edendale is built on the open-source LibVLC engine and plays MKV, MP4, AVI, MOV, WMV, WebM, TS/M2TS, MPEG, FLV, 3GP and more without installing extra codecs.
• Full screen, Picture in Picture and display refresh-rate matching
• Speed from 0.25x to 3x, press-and-hold fast forward, and 10, 15 or 30 second skips
• Video, audio and subtitle track selection, with audio and subtitle delay
• Picture adjustments: brightness, contrast, gamma, saturation and hue
• 10-band equaliser with presets, Audio Booster and Headphone Surround
• Chapter marks on the timeline and a chapter list
• An Up Next card that moves on to the next episode
• Optional Skip Intro, Recap and Credits prompts. They are off by default, and nothing is skipped until you click.
• Speed and track choices remembered for each title

SUBTITLES
Use embedded subtitles or subtitle files next to your video, or search online for subtitles for titles matched on TMDB. A downloaded subtitle stays with its title and is removed after 30 days unused. Choose the font, colour and background. Subtitle size follows your Windows text size setting.

KEEP TRACK OF WHAT YOU WATCH
Edendale saves your progress as you watch, so you can pick up where you left off from Continue Watching. Mark titles as watched, add favourites, give star ratings, and keep a Watchlist of movies and shows to watch next. The Young Audience filter shows only titles rated PG, PG-13, TV-PG or TV-14. You can optionally connect a TMDB account to sync favourites, ratings and your watchlist.

PLAY FROM WHERE YOUR MEDIA LIVES
Play from local folders, SMB network shares, SFTP, WebDAV, NFS and S3-compatible storage, as well as Google Drive, OneDrive and Dropbox. Sign-ins are optional and stay on your PC.

SMOOTHER, SHARPER VIDEO (EXPERIMENTAL)
Optional video enhancement uses supported NVIDIA, AMD and Intel graphics for super resolution. Experimental Frame Generation doubles the frame rate of video at 30 fps or lower. Both are off until you turn them on, and Edendale falls back to normal playback for sources they can't handle.

MAKE IT YOURS
• Choose how the player looks and sounds, from subtitle style and picture settings to equaliser presets
• Keyboard shortcuts, mouse and touch gestures, and Xbox controller support in the player
• Taskbar play controls and a Continue Watching jump list
• Screen-reader labels and announcements. Respects your Windows animation and text-size settings.
• Available in English, German, Spanish, French, Italian, Japanese, Korean, Dutch, Portuguese, Russian, Swedish and Chinese (Simplified and Traditional)

PRIVACY
Edendale has no account of its own, no ads and no analytics or telemetry. Your library and watch history are stored on your PC. If you use the OneDrive app, Edendale also keeps a copy of your saved titles and watch progress in your own OneDrive, so they follow you to your other PCs. Titles are looked up on TMDB to get artwork and details. Subtitle search, skip prompts and linked storage only connect when you use them. Trailers open in your browser only when you choose to play them.

OPEN SOURCE
Edendale is open source under the Mozilla Public License 2.0. It includes LibVLC, used under the GNU LGPL.

This product uses the TMDB API but is not endorsed or certified by TMDB.","Edendale is a free, open-source video player and personal watch tracker for Windows. Play the movies and shows you already own, discover what's trending, and keep track of everything you watch. No account, no ads and no analytics.

YOUR LIBRARY, ORGANISED
Add folders from your PC or from network storage. Edendale reads movie and episode names from your filenames on your device first, then adds posters, cast, seasons and episode details from TMDB. Browse trending, popular and top-rated titles, search by title or person, filter by release date, and open detail pages with cast and full season lists. If a title is stored in more than one place, Edendale plays the first copy it can reach.

A PLAYER MADE FOR MOVIES AND SHOWS
Edendale is built on the open-source LibVLC engine and plays MKV, MP4, AVI, MOV, WMV, WebM, TS/M2TS, MPEG, FLV, 3GP and more without installing extra codecs.
• Full screen, Picture in Picture and display refresh-rate matching
• Speed from 0.25x to 3x, press-and-hold fast forward, and 10, 15 or 30 second skips
• Video, audio and subtitle track selection, with audio and subtitle delay
• Picture adjustments: brightness, contrast, gamma, saturation and hue
• 10-band equaliser with presets, Audio Booster and Headphone Surround
• Chapter marks on the timeline and a chapter list
• An Up Next card that moves on to the next episode
• Optional Skip Intro, Recap and Credits prompts. They are off by default, and nothing is skipped until you click.
• Speed and track choices remembered for each title

SUBTITLES
Use embedded subtitles or subtitle files next to your video, or search online for subtitles for titles matched on TMDB. A downloaded subtitle stays with its title and is removed after 30 days unused. Choose the font, colour and background. Subtitle size follows your Windows text size setting.

KEEP TRACK OF WHAT YOU WATCH
Edendale saves your progress as you watch, so you can pick up where you left off from Continue Watching. Mark titles as watched, add favourites, give star ratings, and keep a Watchlist of movies and shows to watch next. The Young Audience filter shows only titles rated PG, PG-13, TV-PG or TV-14. You can optionally connect a TMDB account to sync favourites, ratings and your watchlist.

PLAY FROM WHERE YOUR MEDIA LIVES
Play from local folders, SMB network shares, SFTP, WebDAV, NFS and S3-compatible storage, as well as Google Drive, OneDrive and Dropbox. Sign-ins are optional and stay on your PC.

SMOOTHER, SHARPER VIDEO (EXPERIMENTAL)
Optional video enhancement uses supported NVIDIA, AMD and Intel graphics for super resolution. Experimental Frame Generation doubles the frame rate of video at 30 fps or lower. Both are off until you turn them on, and Edendale falls back to normal playback for sources they can't handle.

MAKE IT YOURS
• Choose how the player looks and sounds, from subtitle style and picture settings to equaliser presets
• Keyboard shortcuts, mouse and touch gestures, and Xbox controller support in the player
• Taskbar play controls and a Continue Watching jump list
• Screen-reader labels and announcements. Respects your Windows animation and text-size settings.
• Available in English, German, Spanish, French, Italian, Japanese, Korean, Dutch, Portuguese, Russian, Swedish and Chinese (Simplified and Traditional)

PRIVACY
Edendale has no account of its own, no ads and no analytics or telemetry. Your library and watch history are stored on your PC. If you use the OneDrive app, Edendale also keeps a copy of your saved titles and watch progress in your own OneDrive, so they follow you to your other PCs. Titles are looked up on TMDB to get artwork and details. Subtitle search, skip prompts and linked storage only connect when you use them. Trailers open in your browser only when you choose to play them.

OPEN SOURCE
Edendale is open source under the Mozilla Public License 2.0. It includes LibVLC, used under the GNU LGPL.

This product uses the TMDB API but is not endorsed or certified by TMDB.","Edendale is a free, open-source video player and personal watch tracker for Windows. Play the movies and shows you already own, discover what's trending, and keep track of everything you watch. No account, no ads and no analytics.

YOUR LIBRARY, ORGANISED
Add folders from your PC or from network storage. Edendale reads movie and episode names from your filenames on your device first, then adds posters, cast, seasons and episode details from TMDB. Browse trending, popular and top-rated titles, search by title or person, filter by release date, and open detail pages with cast and full season lists. If a title is stored in more than one place, Edendale plays the first copy it can reach.

A PLAYER MADE FOR MOVIES AND SHOWS
Edendale is built on the open-source LibVLC engine and plays MKV, MP4, AVI, MOV, WMV, WebM, TS/M2TS, MPEG, FLV, 3GP and more without installing extra codecs.
• Full screen, Picture in Picture and display refresh-rate matching
• Speed from 0.25x to 3x, press-and-hold fast forward, and 10, 15 or 30 second skips
• Video, audio and subtitle track selection, with audio and subtitle delay
• Picture adjustments: brightness, contrast, gamma, saturation and hue
• 10-band equaliser with presets, Audio Booster and Headphone Surround
• Chapter marks on the timeline and a chapter list
• An Up Next card that moves on to the next episode
• Optional Skip Intro, Recap and Credits prompts. They are off by default, and nothing is skipped until you click.
• Speed and track choices remembered for each title

SUBTITLES
Use embedded subtitles or subtitle files next to your video, or search online for subtitles for titles matched on TMDB. A downloaded subtitle stays with its title and is removed after 30 days unused. Choose the font, colour and background. Subtitle size follows your Windows text size setting.

KEEP TRACK OF WHAT YOU WATCH
Edendale saves your progress as you watch, so you can pick up where you left off from Continue Watching. Mark titles as watched, add favourites, give star ratings, and keep a Watchlist of movies and shows to watch next. The Young Audience filter shows only titles rated PG, PG-13, TV-PG or TV-14. You can optionally connect a TMDB account to sync favourites, ratings and your watchlist.

PLAY FROM WHERE YOUR MEDIA LIVES
Play from local folders, SMB network shares, SFTP, WebDAV, NFS and S3-compatible storage, as well as Google Drive, OneDrive and Dropbox. Sign-ins are optional and stay on your PC.

SMOOTHER, SHARPER VIDEO (EXPERIMENTAL)
Optional video enhancement uses supported NVIDIA, AMD and Intel graphics for super resolution. Experimental Frame Generation doubles the frame rate of video at 30 fps or lower. Both are off until you turn them on, and Edendale falls back to normal playback for sources they can't handle.

MAKE IT YOURS
• Choose how the player looks and sounds, from subtitle style and picture settings to equaliser presets
• Keyboard shortcuts, mouse and touch gestures, and Xbox controller support in the player
• Taskbar play controls and a Continue Watching jump list
• Screen-reader labels and announcements. Respects your Windows animation and text-size settings.
• Available in English, German, Spanish, French, Italian, Japanese, Korean, Dutch, Portuguese, Russian, Swedish and Chinese (Simplified and Traditional)

PRIVACY
Edendale has no account of its own, no ads and no analytics or telemetry. Your library and watch history are stored on your PC. If you use the OneDrive app, Edendale also keeps a copy of your saved titles and watch progress in your own OneDrive, so they follow you to your other PCs. Titles are looked up on TMDB to get artwork and details. Subtitle search, skip prompts and linked storage only connect when you use them. Trailers open in your browser only when you choose to play them.

OPEN SOURCE
Edendale is open source under the Mozilla Public License 2.0. It includes LibVLC, used under the GNU LGPL.

This product uses the TMDB API but is not endorsed or certified by TMDB.","Edendale est un lecteur vidéo gratuit et open source pour Windows, doublé d’un suivi personnel de vos visionnages. Lisez les films et séries que vous possédez déjà, découvrez les tendances du moment et gardez une trace de tout ce que vous regardez. Sans compte, sans publicité et sans outil d’analyse.

VOTRE BIBLIOTHÈQUE BIEN ORGANISÉE
Ajoutez des dossiers depuis votre PC ou un stockage réseau. Edendale lit d’abord les noms des films et des épisodes dans vos noms de fichiers, directement sur votre appareil, puis ajoute depuis TMDB les affiches, la distribution, les saisons et le détail des épisodes. Parcourez les titres tendance, populaires et les mieux notés, recherchez par titre ou par personne, filtrez par date de sortie et ouvrez des fiches détaillées avec la distribution et la liste complète des saisons. Si un titre est stocké à plusieurs endroits, Edendale lit la première copie qu’il peut atteindre.

UN LECTEUR CONÇU POUR LES FILMS ET LES SÉRIES
Edendale repose sur le moteur open source LibVLC et lit les formats MKV, MP4, AVI, MOV, WMV, WebM, TS/M2TS, MPEG, FLV, 3GP et bien d’autres, sans installer de codecs supplémentaires.
• Plein écran, Image dans l’image et adaptation à la fréquence de rafraîchissement de l’écran
• Vitesse de 0,25x à 3x, avance rapide en maintenant appuyé, et sauts de 10, 15 ou 30 secondes
• Choix des pistes vidéo, audio et de sous-titres, avec décalage audio et décalage des sous-titres
• Réglages de l’image : luminosité, contraste, gamma, saturation et teinte
• Égaliseur 10 bandes avec préréglages, Amplificateur audio et Surround au casque
• Repères de chapitres sur la barre de progression et liste des chapitres
• Une carte « À suivre » qui passe à l’épisode suivant
• Propositions facultatives « Passer l’intro », « Passer le récapitulatif » et « Passer le générique ». Elles sont désactivées par défaut, et rien n’est passé tant que vous ne cliquez pas.
• Vitesse et choix des pistes mémorisés pour chaque titre

SOUS-TITRES
Utilisez les sous-titres intégrés ou les fichiers de sous-titres placés à côté de votre vidéo, ou recherchez des sous-titres en ligne pour les titres associés à TMDB. Un sous-titre téléchargé reste lié à son titre et est supprimé après 30 jours sans utilisation. Choisissez la police, la couleur et l’arrière-plan. La taille des sous-titres suit le paramètre de taille du texte de Windows.

SUIVEZ CE QUE VOUS REGARDEZ
Edendale enregistre votre progression pendant la lecture, pour que vous puissiez reprendre là où vous vous étiez arrêté depuis « Reprendre la lecture ». Marquez des titres comme vus, ajoutez des favoris, attribuez des notes en étoiles et tenez une Liste à voir des films et séries à regarder ensuite. Le filtre « Adapté au jeune public » n’affiche que les titres classés PG, PG-13, TV-PG ou TV-14. Vous pouvez, si vous le souhaitez, connecter un compte TMDB pour synchroniser vos favoris, vos notes et votre liste à voir.

LISEZ VOS MÉDIAS LÀ OÙ ILS SE TROUVENT
Lisez depuis des dossiers locaux, des partages réseau SMB, SFTP, WebDAV, NFS et un stockage compatible S3, ainsi que depuis Google Drive, OneDrive et Dropbox. Les connexions à vos comptes sont facultatives et restent sur votre PC.

UNE VIDÉO PLUS FLUIDE ET PLUS NETTE (EXPÉRIMENTAL)
L’amélioration vidéo facultative exploite les cartes graphiques NVIDIA, AMD et Intel compatibles pour la super-résolution. La Génération d’images, expérimentale, double la fréquence d’images des vidéos à 30 images par seconde ou moins. Les deux restent désactivées tant que vous ne les activez pas, et Edendale revient à une lecture normale pour les sources qu’elles ne peuvent pas gérer.

À VOTRE IMAGE
• Choisissez l’apparence et le son du lecteur, du style des sous-titres et des réglages de l’image jusqu’aux préréglages de l’égaliseur
• Raccourcis clavier, gestes à la souris et tactiles, et prise en charge de la manette Xbox dans le lecteur
• Commandes de lecture dans la barre des tâches et liste de raccourcis « Reprendre la lecture »
• Étiquettes et annonces pour lecteur d’écran. Respecte vos paramètres Windows d’animation et de taille du texte.
• Disponible en anglais, allemand, espagnol, français, italien, japonais, coréen, néerlandais, portugais, russe, suédois et chinois (simplifié et traditionnel)

CONFIDENTIALITÉ
Edendale n’a pas de compte propre, pas de publicité, ni aucun outil d’analyse ou de télémétrie. Votre bibliothèque et votre historique de visionnage sont stockés sur votre PC. Si vous utilisez l’application OneDrive, Edendale conserve aussi une copie de vos titres enregistrés et de votre progression dans votre propre OneDrive, pour que vous les retrouviez sur vos autres PC. Les titres sont recherchés sur TMDB pour obtenir les illustrations et les détails. La recherche de sous-titres, les propositions de saut et les stockages liés ne se connectent que lorsque vous les utilisez. Les bandes-annonces s’ouvrent dans votre navigateur uniquement lorsque vous choisissez de les lire.

OPEN SOURCE
Edendale est open source, sous licence Mozilla Public License 2.0. Il intègre LibVLC, utilisé sous licence GNU LGPL.

Ce produit utilise l’API TMDB mais n’est ni approuvé ni certifié par TMDB.","Edendale ist ein kostenloser Open-Source-Videoplayer und persönlicher Film- und Serien-Tracker für Windows. Spiele die Filme und Serien ab, die du bereits besitzt, entdecke, was gerade im Trend ist, und behalte den Überblick über alles, was du schaust. Kein Konto, keine Werbung und keine Analysen.

DEINE BIBLIOTHEK, GUT ORGANISIERT
Füge Ordner von deinem PC oder aus einem Netzwerkspeicher hinzu. Edendale liest Film- und Episodennamen zuerst auf deinem Gerät aus deinen Dateinamen und ergänzt dann Poster, Besetzung, Staffeln und Episodendetails von TMDB. Stöbere in Titeln, die im Trend liegen, beliebt oder am besten bewertet sind, suche nach Titel oder Person, filtere nach Veröffentlichungsdatum und öffne Detailseiten mit Besetzung und vollständigen Staffellisten. Ist ein Titel an mehreren Orten gespeichert, spielt Edendale die erste Kopie ab, die es erreichen kann.

EIN PLAYER, GEMACHT FÜR FILME UND SERIEN
Edendale basiert auf der Open-Source-Engine LibVLC und spielt MKV, MP4, AVI, MOV, WMV, WebM, TS/M2TS, MPEG, FLV, 3GP und mehr ab, ohne dass du zusätzliche Codecs installieren musst.
• Vollbild, Bild-in-Bild und Anpassung an die Bildwiederholrate des Displays
• Geschwindigkeit von 0,25x bis 3x, schneller Vorlauf per Gedrückthalten und Sprünge um 10, 15 oder 30 Sekunden
• Auswahl von Video-, Audio- und Untertitelspur, mit Audio- und Untertitelverzögerung
• Bildanpassung: Helligkeit, Kontrast, Gamma, Sättigung und Farbton
• 10-Band-Equalizer mit Voreinstellungen, Audio-Booster und Kopfhörer-Surround
• Kapitelmarken auf der Zeitleiste und eine Kapitelliste
• Eine „Als Nächstes“-Karte, die zur nächsten Folge weiterführt
• Optionale Einblendungen „Intro überspringen“, „Rückblick überspringen“ und „Abspann überspringen“. Sie sind standardmäßig aus, und übersprungen wird erst, wenn du klickst.
• Geschwindigkeit und Spurauswahl werden für jeden Titel gespeichert

UNTERTITEL
Nutze eingebettete Untertitel oder Untertiteldateien, die neben deinem Video liegen, oder suche online nach Untertiteln für Titel, die einem TMDB-Eintrag zugeordnet sind. Ein heruntergeladener Untertitel bleibt bei seinem Titel und wird nach 30 Tagen ohne Nutzung entfernt. Wähle Schrift, Farbe und Hintergrund. Die Untertitelgröße folgt deiner Windows-Einstellung für die Textgröße.

BEHALTE IM BLICK, WAS DU SCHAUST
Edendale speichert deinen Fortschritt beim Schauen, sodass du über „Weiter ansehen“ dort weitermachen kannst, wo du aufgehört hast. Markiere Titel als gesehen, füge Favoriten hinzu, vergib Sternebewertungen und führe eine Watchlist mit Filmen und Serien, die du als Nächstes schauen willst. Der Filter „Für junges Publikum geeignet“ zeigt nur Titel mit der Altersfreigabe PG, PG-13, TV-PG oder TV-14. Optional kannst du ein TMDB-Konto verbinden, um Favoriten, Bewertungen und deine Watchlist zu synchronisieren.

SPIELE AB, WO DEINE MEDIEN LIEGEN
Spiele aus lokalen Ordnern, SMB-Netzwerkfreigaben, SFTP, WebDAV, NFS und S3-kompatiblem Speicher sowie aus Google Drive, OneDrive und Dropbox ab. Anmeldungen sind optional und bleiben auf deinem PC.

FLÜSSIGERE, SCHÄRFERE VIDEOS (EXPERIMENTELL)
Die optionale Bildoptimierung nutzt unterstützte Grafikhardware von NVIDIA, AMD und Intel für Super Resolution. Die experimentelle Frame-Generierung verdoppelt die Bildrate von Videos mit 30 fps oder weniger. Beide bleiben ausgeschaltet, bis du sie einschaltest, und bei Quellen, die sie nicht verarbeiten können, greift Edendale auf die normale Wiedergabe zurück.

GANZ NACH DEINEM GESCHMACK
• Bestimme, wie der Player aussieht und klingt – vom Untertitelstil über die Bildeinstellungen bis zu den Equalizer-Voreinstellungen
• Tastenkürzel, Maus- und Touch-Gesten sowie Unterstützung für Xbox-Controller im Player
• Wiedergabesteuerung in der Taskleiste und eine Sprungliste für „Weiter ansehen“
• Beschriftungen und Ansagen für Screenreader. Berücksichtigt deine Windows-Einstellungen für Animationen und Textgröße.
• Verfügbar auf Englisch, Deutsch, Spanisch, Französisch, Italienisch, Japanisch, Koreanisch, Niederländisch, Portugiesisch, Russisch, Schwedisch und Chinesisch (vereinfacht und traditionell)

DATENSCHUTZ
Edendale hat kein eigenes Konto, keine Werbung und keine Analysen oder Telemetrie. Deine Bibliothek und dein Wiedergabeverlauf werden auf deinem PC gespeichert. Wenn du die OneDrive-App nutzt, legt Edendale außerdem eine Kopie deiner gespeicherten Titel und deines Wiedergabefortschritts in deinem eigenen OneDrive ab, damit sie dir auf deine anderen PCs folgen. Titel werden auf TMDB nachgeschlagen, um Artwork und Details abzurufen. Untertitelsuche, „Überspringen anbieten“ und verknüpfte Speicher stellen nur dann eine Verbindung her, wenn du sie nutzt. Trailer öffnen sich nur dann in deinem Browser, wenn du sie abspielen möchtest.

OPEN SOURCE
Edendale ist Open Source unter der Mozilla Public License 2.0. Enthalten ist LibVLC, das unter der GNU LGPL verwendet wird.

Dieses Produkt verwendet die TMDB-API, wird jedoch nicht von TMDB befürwortet oder zertifiziert.","Edendale è un lettore video gratuito e open source per Windows, con un registro personale di ciò che guardi. Riproduci i film e i programmi TV che già possiedi, scopri cosa è di tendenza e tieni traccia di tutto ciò che guardi. Nessun account, niente pubblicità e nessuno strumento di analisi.

LA TUA LIBRERIA, IN ORDINE
Aggiungi cartelle dal tuo PC o da un archivio di rete. Edendale ricava prima i nomi di film ed episodi dai nomi dei file, direttamente sul tuo dispositivo, poi aggiunge da TMDB locandine, cast, stagioni e dettagli degli episodi. Sfoglia i titoli di tendenza, popolari e più votati, cerca per titolo o persona, filtra per data di uscita e apri le pagine di dettaglio con il cast e l’elenco completo delle stagioni. Se un titolo è archiviato in più posizioni, Edendale riproduce la prima copia che riesce a raggiungere.

UN PLAYER PENSATO PER FILM E PROGRAMMI TV
Edendale si basa sul motore open source LibVLC e riproduce MKV, MP4, AVI, MOV, WMV, WebM, TS/M2TS, MPEG, FLV, 3GP e altro ancora senza dover installare codec aggiuntivi.
• Schermo intero, Picture in Picture e adattamento alla frequenza di aggiornamento dello schermo
• Velocità da 0,25x a 3x, avanzamento rapido tenendo premuto e salti di 10, 15 o 30 secondi
• Selezione delle tracce video, audio e dei sottotitoli, con ritardo audio e ritardo dei sottotitoli
• Regolazioni dell’immagine: luminosità, contrasto, gamma, saturazione e tonalità
• Equalizzatore a 10 bande con preimpostazioni, Amplificatore audio e Surround in cuffia
• Indicatori dei capitoli sulla barra di avanzamento ed elenco dei capitoli
• Una scheda “Prossimo” che passa all’episodio successivo
• Inviti facoltativi “Salta intro”, “Salta riassunto” e “Salta titoli di coda”. Sono disattivati per impostazione predefinita e nulla viene saltato finché non fai clic.
• Velocità e scelta delle tracce memorizzate per ogni titolo

SOTTOTITOLI
Usa i sottotitoli incorporati o i file di sottotitoli accanto al video, oppure cerca online i sottotitoli per i titoli associati su TMDB. Un sottotitolo scaricato resta abbinato al suo titolo e viene rimosso dopo 30 giorni di inutilizzo. Scegli carattere, colore e sfondo. La dimensione dei sottotitoli segue l’impostazione delle dimensioni del testo di Windows.

TIENI TRACCIA DI CIÒ CHE GUARDI
Edendale salva i tuoi progressi mentre guardi, così puoi riprendere da dove avevi interrotto dalla sezione “Continua a guardare”. Segna i titoli come visti, aggiungi preferiti, assegna valutazioni a stelle e tieni una Watchlist di film e programmi TV da guardare in seguito. Il filtro “Adatto a un pubblico giovane” mostra solo i titoli classificati PG, PG-13, TV-PG o TV-14. Se vuoi, puoi collegare un account TMDB per sincronizzare preferiti, valutazioni e la tua watchlist.

RIPRODUCI I CONTENUTI OVUNQUE SI TROVINO
Riproduci da cartelle locali, condivisioni di rete SMB, SFTP, WebDAV, NFS e archiviazione compatibile S3, oltre che da Google Drive, OneDrive e Dropbox. Gli accessi sono facoltativi e restano sul tuo PC.

VIDEO PIÙ FLUIDI E NITIDI (SPERIMENTALE)
Il miglioramento video facoltativo usa le schede grafiche NVIDIA, AMD e Intel supportate per la super risoluzione. La Generazione di fotogrammi, sperimentale, raddoppia la frequenza dei fotogrammi dei video a 30 fps o meno. Entrambe le funzioni restano disattivate finché non le attivi, ed Edendale torna alla riproduzione normale per le sorgenti che non sono in grado di gestire.

SU MISURA PER TE
• Scegli l’aspetto e il suono del player, dallo stile dei sottotitoli e dalle impostazioni dell’immagine fino alle preimpostazioni dell’equalizzatore
• Scorciatoie da tastiera, gesti con mouse e touch e supporto del controller Xbox nel player
• Controlli di riproduzione nella barra delle applicazioni e jump list “Continua a guardare”
• Etichette e annunci per screen reader. Rispetta le impostazioni di animazione e dimensioni del testo di Windows.
• Disponibile in inglese, tedesco, spagnolo, francese, italiano, giapponese, coreano, olandese, portoghese, russo, svedese e cinese (semplificato e tradizionale)

PRIVACY
Edendale non ha un account proprio, né pubblicità, né strumenti di analisi o telemetria. La libreria e la cronologia delle visioni sono archiviate sul tuo PC. Se usi l’app OneDrive, Edendale conserva anche una copia dei titoli salvati e dei progressi di visione nel tuo OneDrive personale, così li ritrovi sugli altri tuoi PC. I titoli vengono cercati su TMDB per ottenere immagini e dettagli. La ricerca dei sottotitoli, gli inviti a saltare e gli archivi collegati si connettono solo quando li usi. I trailer si aprono nel browser solo quando scegli di riprodurli.

OPEN SOURCE
Edendale è open source con licenza Mozilla Public License 2.0. Include LibVLC, utilizzato con licenza GNU LGPL.

Questo prodotto utilizza l’API di TMDB ma non è approvato né certificato da TMDB.","Edendale は、Windows 向けの無料・オープンソースの動画プレーヤー兼視聴記録アプリです。手持ちの映画やテレビ番組を再生し、話題の作品を見つけ、観たものをすべて記録できます。アカウント不要、広告なし、アナリティクスなし。

【ライブラリをすっきり整理】
PC やネットワーク ストレージのフォルダーを追加できます。Edendale はまずお使いのデバイス上でファイル名から映画名とエピソード名を読み取り、その後 TMDB からポスター、キャスト、シーズン、エピソードの詳細を追加します。トレンド、人気、高評価の作品を閲覧したり、タイトルや人物で検索したり、公開日で絞り込んだり、キャストと全シーズンの一覧を備えた詳細ページを開いたりできます。同じ作品が複数の場所に保存されている場合、Edendale はアクセスできる最初のコピーを再生します。

【映画と番組のためのプレーヤー】
Edendale はオープンソースの LibVLC エンジンをベースにしており、MKV、MP4、AVI、MOV、WMV、WebM、TS/M2TS、MPEG、FLV、3GP などを、追加のコーデックをインストールすることなく再生できます。
• 全画面表示、ピクチャインピクチャ、ディスプレイのリフレッシュレート合わせ
• 0.25 倍～3 倍の再生速度、長押しで早送り、10・15・30 秒のスキップ
• 映像・音声・字幕トラックの選択、音声と字幕の遅延調整
• 画質調整：明るさ、コントラスト、ガンマ、彩度、色相
• プリセット付きの 10 バンド イコライザ、オーディオブースター、ヘッドフォンサラウンド
• タイムライン上のチャプターマークとチャプター一覧
• 次のエピソードへ進める「次のエピソード」カード
• イントロ、あらすじ、クレジットのスキップ提案（オプション）。初期設定ではオフで、クリックするまで何もスキップされません。
• 再生速度とトラックの選択を作品ごとに記憶

【字幕】
動画に埋め込まれた字幕や、動画と同じ場所にある字幕ファイルを使用できるほか、TMDB と一致した作品の字幕をオンラインで検索することもできます。ダウンロードした字幕は作品ごとに保持され、30 日間使用されないと削除されます。フォント、色、背景を選択できます。字幕のサイズは Windows の文字サイズ設定に従います。

【観た作品を記録】
Edendale は視聴中に進行状況を保存するので、「視聴を続ける」から前回の続きを再生できます。作品を視聴済みにしたり、お気に入りに追加したり、星で評価したり、次に観たい映画や番組を「ウォッチリスト」にまとめたりできます。「若い視聴者向け」フィルターを使うと、PG、PG-13、TV-PG、TV-14 のレーティングの作品だけを表示できます。必要に応じて TMDB アカウントを接続し、お気に入り、評価、ウォッチリストを同期することもできます。

【メディアがある場所から再生】
ローカル フォルダー、SMB ネットワーク共有、SFTP、WebDAV、NFS、S3 互換ストレージに加え、Google Drive、OneDrive、Dropbox からも再生できます。サインインは任意で、サインイン情報はお使いの PC 上に保持されます。

【より滑らかで鮮明な映像（試験的機能）】
オプションの高画質化機能は、対応する NVIDIA、AMD、Intel のグラフィックスを使って超解像を行います。試験的な「フレーム生成」は、30 fps 以下の動画のフレームレートを 2 倍にします。どちらもご自身でオンにするまで無効で、処理できないソースでは Edendale が通常の再生に切り替えます。

【自分好みにカスタマイズ】
• 字幕のスタイルや画質設定からイコライザのプリセットまで、プレーヤーの見た目と音を自由に設定
• プレーヤーはキーボード ショートカット、マウスとタッチのジェスチャー、Xbox コントローラーに対応
• タスクバーの再生コントロールと「視聴を続ける」ジャンプ リスト
• スクリーン リーダー向けのラベルと読み上げに対応。Windows のアニメーション設定と文字サイズ設定を反映します。
• 対応言語：英語、ドイツ語、スペイン語、フランス語、イタリア語、日本語、韓国語、オランダ語、ポルトガル語、ロシア語、スウェーデン語、中国語（簡体字・繁体字）

【プライバシー】
Edendale には独自のアカウントがなく、広告、アナリティクス、テレメトリもありません。ライブラリと視聴履歴はお使いの PC に保存されます。OneDrive アプリをお使いの場合は、保存した作品と視聴の進行状況のコピーをご自身の OneDrive にも保存するため、ほかの PC でも引き継げます。アートワークと詳細情報を取得するため、作品を TMDB で照会します。字幕検索、スキップの提案、リンクしたストレージは、使用したときにのみ接続します。予告編は、再生を選んだときにのみブラウザーで開きます。

【オープンソース】
Edendale は Mozilla Public License 2.0 のもとで公開されているオープンソース ソフトウェアです。GNU LGPL のもとで使用している LibVLC を含んでいます。

本製品は TMDB API を使用していますが、TMDB による推奨または認定を受けたものではありません。","Edendale은 Windows용 무료 오픈 소스 동영상 플레이어이자 개인 시청 기록 앱입니다. 이미 가지고 있는 영화와 TV 프로그램을 재생하고, 요즘 트렌드인 작품을 찾아보고, 시청한 모든 작품을 기록하세요. 계정이 필요 없고, 광고와 분석 기능도 없습니다.

[깔끔하게 정리되는 라이브러리]
PC나 네트워크 스토리지의 폴더를 추가하세요. Edendale은 먼저 기기에서 파일 이름을 읽어 영화와 에피소드 이름을 파악한 다음, TMDB에서 포스터, 출연진, 시즌, 에피소드 정보를 추가합니다. 트렌드, 인기, 최고 평점 작품을 둘러보고, 제목이나 인물로 검색하고, 개봉일로 필터링하고, 출연진과 전체 시즌 목록이 담긴 상세 페이지를 열어 보세요. 같은 작품이 여러 위치에 저장되어 있으면 Edendale은 접근할 수 있는 첫 번째 사본을 재생합니다.

[영화와 TV 프로그램을 위한 플레이어]
Edendale은 오픈 소스 LibVLC 엔진을 기반으로 하며, 별도의 코덱을 설치하지 않아도 MKV, MP4, AVI, MOV, WMV, WebM, TS/M2TS, MPEG, FLV, 3GP 등을 재생합니다.
• 전체 화면, 화면 속 화면(PIP), 디스플레이 주사율 맞춤
• 0.25배~3배 재생 속도, 길게 눌러 빨리 감기, 10초/15초/30초 건너뛰기
• 비디오, 오디오, 자막 트랙 선택 및 오디오·자막 지연 조정
• 화면 조정: 밝기, 대비, 감마, 채도, 색조
• 사전 설정이 포함된 10밴드 이퀄라이저, 오디오 부스터, 헤드폰 서라운드
• 타임라인의 챕터 표시와 챕터 목록
• 다음 에피소드로 넘어가는 '다음 에피소드' 카드
• 인트로, 지난 이야기, 크레딧 건너뛰기 제안(선택 사항). 기본적으로 꺼져 있으며, 직접 클릭하기 전에는 아무것도 건너뛰지 않습니다.
• 작품별로 재생 속도와 트랙 선택을 기억

[자막]
동영상에 포함된 자막이나 동영상과 같은 위치에 있는 자막 파일을 사용하거나, TMDB와 연결된 작품의 자막을 온라인에서 검색할 수 있습니다. 다운로드한 자막은 해당 작품에 보관되며 30일 동안 사용하지 않으면 삭제됩니다. 글꼴, 색상, 배경을 선택할 수 있습니다. 자막 크기는 Windows 텍스트 크기 설정을 따릅니다.

[시청 기록 관리]
Edendale은 시청하는 동안 진행 상황을 저장하므로 '시청 계속하기'에서 중단한 지점부터 이어서 볼 수 있습니다. 작품을 시청함으로 표시하고, 즐겨찾기에 추가하고, 별점을 매기고, 다음에 볼 영화와 TV 프로그램을 '관심 목록'에 담아 두세요. '청소년 시청 적합' 필터는 PG, PG-13, TV-PG 또는 TV-14 등급 작품만 표시합니다. 원하는 경우 TMDB 계정을 연결해 즐겨찾기, 평점, 관심 목록을 동기화할 수도 있습니다.

[미디어가 있는 곳에서 바로 재생]
로컬 폴더, SMB 네트워크 공유, SFTP, WebDAV, NFS, S3 호환 스토리지는 물론 Google Drive, OneDrive, Dropbox에서도 재생할 수 있습니다. 로그인은 선택 사항이며 로그인 정보는 사용자의 PC에 보관됩니다.

[더 부드럽고 선명한 영상(실험적 기능)]
선택 사항인 화질 향상 기능은 지원되는 NVIDIA, AMD, Intel 그래픽을 사용해 초고해상도 처리를 합니다. 실험적 기능인 '프레임 생성'은 30fps 이하 동영상의 프레임 속도를 두 배로 높입니다. 두 기능 모두 직접 켜기 전까지는 꺼져 있으며, 처리할 수 없는 소스에서는 Edendale이 일반 재생으로 전환합니다.

[나에게 맞게 설정]
• 자막 스타일과 화면 설정부터 이퀄라이저 사전 설정까지, 플레이어의 화면과 소리를 원하는 대로 설정
• 플레이어에서 키보드 단축키, 마우스 및 터치 제스처, Xbox 컨트롤러 지원
• 작업 표시줄 재생 컨트롤과 '시청 계속하기' 점프 목록
• 화면 읽기 프로그램용 레이블 및 음성 안내 제공. Windows 애니메이션 및 텍스트 크기 설정을 따릅니다.
• 지원 언어: 영어, 독일어, 스페인어, 프랑스어, 이탈리아어, 일본어, 한국어, 네덜란드어, 포르투갈어, 러시아어, 스웨덴어, 중국어(간체 및 번체)

[개인정보 보호]
Edendale에는 자체 계정이 없으며 광고, 분석 기능, 텔레메트리도 없습니다. 라이브러리와 시청 기록은 PC에 저장됩니다. OneDrive 앱을 사용하는 경우 Edendale은 저장한 작품과 시청 진행 상황의 사본을 사용자 본인의 OneDrive에도 보관하므로 다른 PC에서도 그대로 이어집니다. 아트워크와 상세 정보를 가져오기 위해 TMDB에서 작품을 조회합니다. 자막 검색, 건너뛰기 제안, 연결된 스토리지는 사용할 때만 연결됩니다. 예고편은 재생을 선택한 경우에만 브라우저에서 열립니다.

[오픈 소스]
Edendale은 Mozilla Public License 2.0에 따라 배포되는 오픈 소스 소프트웨어입니다. GNU LGPL에 따라 사용되는 LibVLC가 포함되어 있습니다.

이 제품은 TMDB API를 사용하지만 TMDB의 보증이나 인증을 받지 않았습니다.","O Edendale é um player de vídeo gratuito e de código aberto para Windows, com um controle pessoal do que você assiste. Reproduza os filmes e séries que você já tem, descubra o que está em alta e acompanhe tudo o que assistir. Sem conta, sem anúncios e sem ferramentas de análise.

SUA BIBLIOTECA, ORGANIZADA
Adicione pastas do seu PC ou de um armazenamento em rede. Primeiro, o Edendale lê no seu próprio dispositivo os nomes de filmes e episódios a partir dos nomes dos arquivos; depois, adiciona pôsteres, elenco, temporadas e detalhes dos episódios com dados do TMDB. Navegue pelos títulos em alta, populares e mais bem avaliados, busque por título ou pessoa, filtre por data de lançamento e abra páginas de detalhes com o elenco e a lista completa de temporadas. Se um título estiver salvo em mais de um lugar, o Edendale reproduz a primeira cópia que conseguir acessar.

UM PLAYER FEITO PARA FILMES E SÉRIES
O Edendale é baseado no mecanismo de código aberto LibVLC e reproduz MKV, MP4, AVI, MOV, WMV, WebM, TS/M2TS, MPEG, FLV, 3GP e muito mais sem precisar instalar codecs extras.
• Tela cheia, Picture in Picture e ajuste à taxa de atualização da tela
• Velocidade de 0,25x a 3x, avanço rápido ao manter pressionado e saltos de 10, 15 ou 30 segundos
• Seleção de faixas de vídeo, áudio e legenda, com ajuste do atraso do áudio e das legendas
• Ajustes de imagem: brilho, contraste, gama, saturação e matiz
• Equalizador de 10 bandas com predefinições, Amplificador de áudio e Surround nos fones
• Marcas de capítulo na linha do tempo e lista de capítulos
• Cartão “A seguir” que avança para o próximo episódio
• Sugestões opcionais para pular abertura, recapitulação e créditos. Elas vêm desativadas por padrão, e nada é pulado até você clicar.
• Velocidade e faixas escolhidas lembradas para cada título

LEGENDAS
Use legendas embutidas ou arquivos de legenda que estejam junto do vídeo, ou busque legendas online para os títulos associados ao TMDB. Uma legenda baixada fica salva com o seu título e é removida após 30 dias sem uso. Escolha a fonte, a cor e o fundo. O tamanho das legendas segue a configuração de tamanho do texto do Windows.

ACOMPANHE O QUE VOCÊ ASSISTE
O Edendale salva seu progresso enquanto você assiste, para você retomar de onde parou em “Continuar assistindo”. Marque títulos como assistidos, adicione favoritos, dê notas com estrelas e mantenha uma Lista de interesse com os filmes e séries que quer assistir depois. O filtro “Adequado para público jovem” mostra apenas títulos com classificação PG, PG-13, TV-PG ou TV-14. Opcionalmente, você pode conectar uma conta do TMDB para sincronizar favoritos, avaliações e sua lista de interesse.

ASSISTA DE ONDE SUA MÍDIA ESTIVER
Reproduza a partir de pastas locais, compartilhamentos de rede SMB, SFTP, WebDAV, NFS e armazenamento compatível com S3, além de Google Drive, OneDrive e Dropbox. Os logins são opcionais e ficam no seu PC.

VÍDEO MAIS FLUIDO E NÍTIDO (EXPERIMENTAL)
O aprimoramento de vídeo opcional usa GPUs NVIDIA, AMD e Intel compatíveis para super-resolução. A Geração de quadros, experimental, dobra a taxa de quadros de vídeos com 30 fps ou menos. Os dois ficam desativados até você ativá-los, e o Edendale volta à reprodução normal com fontes que eles não conseguem processar.

DEIXE DO SEU JEITO
• Escolha o visual e o som do player, do estilo das legendas e das configurações de imagem às predefinições do equalizador
• Atalhos de teclado, gestos de mouse e de toque, e suporte a controle do Xbox no player
• Controles de reprodução na barra de tarefas e lista de atalhos com “Continuar assistindo”
• Rótulos e anúncios para leitores de tela. Respeita as configurações de animação e de tamanho do texto do Windows.
• Disponível em inglês, alemão, espanhol, francês, italiano, japonês, coreano, holandês, português, russo, sueco e chinês (simplificado e tradicional)

PRIVACIDADE
O Edendale não tem conta própria, não exibe anúncios e não usa ferramentas de análise nem telemetria. Sua biblioteca e seu histórico de exibição ficam armazenados no seu PC. Se você usa o aplicativo do OneDrive, o Edendale também mantém uma cópia dos seus títulos salvos e do seu progresso de exibição no seu próprio OneDrive, para que eles acompanhem você nos seus outros PCs. Os títulos são consultados no TMDB para obter artes e detalhes. A busca de legendas, as sugestões para pular e os armazenamentos vinculados só se conectam quando você os usa. Os trailers só abrem no navegador quando você decide reproduzi-los.

CÓDIGO ABERTO
O Edendale é de código aberto sob a Mozilla Public License 2.0. Inclui o LibVLC, usado sob a GNU LGPL.

Este produto usa a API do TMDB, mas não é endossado ou certificado pelo TMDB.","O Edendale é um leitor de vídeo gratuito e de código aberto para Windows, com um registo pessoal das suas visualizações. Reproduza os filmes e séries que já tem, descubra o que está em tendência e acompanhe tudo o que vê. Sem conta, sem anúncios e sem ferramentas de análise.

A SUA BIBLIOTECA, ORGANIZADA
Adicione pastas do seu PC ou de armazenamento em rede. O Edendale começa por ler, no seu dispositivo, os nomes dos filmes e episódios a partir dos nomes dos ficheiros e depois acrescenta cartazes, elenco, temporadas e detalhes dos episódios a partir do TMDB. Explore títulos em tendência, populares e mais bem classificados, pesquise por título ou pessoa, filtre por data de lançamento e abra páginas de detalhes com o elenco e a lista completa de temporadas. Se um título estiver guardado em mais do que um sítio, o Edendale reproduz a primeira cópia a que conseguir aceder.

UM LEITOR FEITO PARA FILMES E SÉRIES
O Edendale é baseado no motor de código aberto LibVLC e reproduz MKV, MP4, AVI, MOV, WMV, WebM, TS/M2TS, MPEG, FLV, 3GP e muito mais sem ser preciso instalar codecs adicionais.
• Ecrã completo, Picture in Picture e ajuste à taxa de atualização do ecrã
• Velocidade de 0,25x a 3x, avanço rápido ao manter premido e saltos de 10, 15 ou 30 segundos
• Seleção de faixas de vídeo, áudio e legendas, com ajuste do atraso do áudio e das legendas
• Ajustes de imagem: brilho, contraste, gama, saturação e matiz
• Equalizador de 10 bandas com predefinições, Amplificador de áudio e Surround nos auscultadores
• Marcas de capítulo na barra de progresso e lista de capítulos
• Cartão “A seguir” que passa para o episódio seguinte
• Sugestões opcionais para saltar genérico, resumo e créditos. Estão desativadas por predefinição e nada é saltado até clicar.
• A velocidade e as faixas escolhidas ficam memorizadas para cada título

LEGENDAS
Use legendas incorporadas ou ficheiros de legendas junto ao vídeo, ou procure legendas online para títulos associados ao TMDB. Uma legenda transferida fica guardada com o respetivo título e é removida após 30 dias sem utilização. Escolha o tipo de letra, a cor e o fundo. O tamanho das legendas segue a definição de tamanho do texto do Windows.

ACOMPANHE O QUE VÊ
O Edendale guarda o seu progresso enquanto vê, para que possa retomar onde parou a partir de “Continuar a ver”. Marque títulos como vistos, adicione favoritos, atribua classificações por estrelas e mantenha uma Lista de visualização com os filmes e séries que quer ver a seguir. O filtro “Adequado para público jovem” mostra apenas títulos com classificação PG, PG-13, TV-PG ou TV-14. Opcionalmente, pode ligar uma conta do TMDB para sincronizar favoritos, classificações e a sua lista de visualização.

OS SEUS CONTEÚDOS, ONDE QUER QUE ESTEJAM
Reproduza a partir de pastas locais, partilhas de rede SMB, SFTP, WebDAV, NFS e armazenamento compatível com S3, bem como do Google Drive, OneDrive e Dropbox. Os inícios de sessão são opcionais e ficam no seu PC.

VÍDEO MAIS FLUIDO E NÍTIDO (EXPERIMENTAL)
A melhoria de vídeo opcional utiliza GPUs NVIDIA, AMD e Intel compatíveis para super-resolução. A Geração de fotogramas, experimental, duplica a taxa de fotogramas de vídeos a 30 fps ou menos. Ambas ficam desativadas até as ativar, e o Edendale volta à reprodução normal com as fontes que não consigam processar.

À SUA MEDIDA
• Escolha o aspeto e o som do leitor, desde o estilo das legendas e as definições de imagem até às predefinições do equalizador
• Atalhos de teclado, gestos de rato e táteis, e suporte para comando Xbox no leitor
• Controlos de reprodução na barra de tarefas e lista de atalhos com “Continuar a ver”
• Etiquetas e anúncios para leitores de ecrã. Respeita as definições de animação e de tamanho do texto do Windows.
• Disponível em inglês, alemão, espanhol, francês, italiano, japonês, coreano, neerlandês, português, russo, sueco e chinês (simplificado e tradicional)

PRIVACIDADE
O Edendale não tem conta própria, não apresenta anúncios e não utiliza ferramentas de análise nem telemetria. A sua biblioteca e o seu histórico de visualização ficam guardados no seu PC. Se utilizar a aplicação OneDrive, o Edendale também mantém uma cópia dos seus títulos guardados e do progresso de visualização no seu próprio OneDrive, para que o acompanhem nos seus outros PCs. Os títulos são consultados no TMDB para obter imagens e detalhes. A pesquisa de legendas, as sugestões para saltar e os armazenamentos associados só estabelecem ligação quando os utiliza. Os trailers só abrem no browser quando decide reproduzi-los.

CÓDIGO ABERTO
O Edendale é de código aberto, ao abrigo da Mozilla Public License 2.0. Inclui o LibVLC, utilizado ao abrigo da GNU LGPL.

Este produto utiliza a API do TMDB mas não é endossado nem certificado pelo TMDB.","Edendale — бесплатный видеоплеер с открытым исходным кодом и личный трекер просмотров для Windows. Смотрите фильмы и сериалы, которые у вас уже есть, узнавайте, что сейчас в тренде, и отслеживайте всё, что смотрите. Без аккаунта, без рекламы и без аналитики.

ВАША БИБЛИОТЕКА В ПОРЯДКЕ
Добавляйте папки с компьютера или из сетевого хранилища. Edendale сначала распознаёт названия фильмов и серий по именам файлов прямо на вашем устройстве, а затем добавляет постеры, актёрский состав, сезоны и описания серий из TMDB. Просматривайте трендовые, популярные и лучшие по рейтингу фильмы и сериалы, ищите по названию или персоне, фильтруйте по дате выхода и открывайте подробные страницы с актёрским составом и полным списком сезонов. Если фильм или сериал хранится в нескольких местах, Edendale воспроизводит первую доступную копию.

ПЛЕЕР, СОЗДАННЫЙ ДЛЯ ФИЛЬМОВ И СЕРИАЛОВ
Edendale работает на открытом движке LibVLC и воспроизводит MKV, MP4, AVI, MOV, WMV, WebM, TS/M2TS, MPEG, FLV, 3GP и многие другие форматы без установки дополнительных кодеков.
• Полноэкранный режим, «Картинка в картинке» и подстройка частоты обновления дисплея
• Скорость от 0,25x до 3x, ускоренная перемотка при удержании и переходы на 10, 15 или 30 секунд
• Выбор видео- и аудиодорожек и субтитров, задержка звука и субтитров
• Настройки изображения: яркость, контраст, гамма, насыщенность и оттенок
• 10-полосный эквалайзер с готовыми профилями, «Усилитель звука» и «Объёмный звук в наушниках»
• Метки глав на шкале времени и список глав
• Карточка «Далее» для перехода к следующей серии
• Необязательные предложения «Пропустить заставку», «Пропустить краткое содержание» и «Пропустить титры». По умолчанию они выключены, и ничего не пропускается, пока вы не нажмёте.
• Скорость и выбранные дорожки запоминаются для каждого фильма и сериала

СУБТИТРЫ
Используйте встроенные субтитры или файлы субтитров рядом с видео либо ищите субтитры в сети для фильмов и сериалов, сопоставленных с TMDB. Скачанные субтитры остаются привязаны к своему фильму или сериалу и удаляются, если не использовались 30 дней. Выбирайте шрифт, цвет и фон. Размер субтитров соответствует настройке размера текста в Windows.

ОТСЛЕЖИВАЙТЕ ПРОСМОТРЕННОЕ
Edendale сохраняет прогресс по ходу просмотра, поэтому в разделе «Продолжить просмотр» можно продолжить с того же места. Отмечайте просмотренное, добавляйте в избранное, ставьте оценки в звёздах и ведите «Список просмотра» из фильмов и сериалов, которые хотите посмотреть дальше. Фильтр «Подходит для юной аудитории» показывает только фильмы и сериалы с рейтингом PG, PG-13, TV-PG или TV-14. При желании можно подключить аккаунт TMDB, чтобы синхронизировать избранное, оценки и список просмотра.

СМОТРИТЕ ТАМ, ГДЕ ХРАНЯТСЯ ВАШИ ФАЙЛЫ
Воспроизводите видео из локальных папок, общих сетевых папок SMB, SFTP, WebDAV, NFS и S3-совместимых хранилищ, а также из Google Drive, OneDrive и Dropbox. Входить в аккаунты необязательно, а данные для входа остаются на вашем компьютере.

БОЛЕЕ ПЛАВНОЕ И ЧЁТКОЕ ВИДЕО (ЭКСПЕРИМЕНТАЛЬНЫЕ ФУНКЦИИ)
Необязательное улучшение видео использует поддерживаемую графику NVIDIA, AMD и Intel для суперразрешения. Экспериментальная «Генерация кадров» удваивает частоту кадров видео с частотой 30 кадров/с и ниже. Обе функции выключены, пока вы их не включите, а для источников, с которыми они не справляются, Edendale переключается на обычное воспроизведение.

НАСТРОЙТЕ ПОД СЕБЯ
• Выбирайте, как плеер выглядит и звучит: от стиля субтитров и настроек изображения до профилей эквалайзера
• Сочетания клавиш, жесты мышью и касанием, а также поддержка контроллера Xbox в плеере
• Кнопки управления воспроизведением на панели задач и список переходов «Продолжить просмотр»
• Подписи и объявления для программ чтения с экрана. Учитываются настройки анимации и размера текста Windows.
• Доступен на английском, немецком, испанском, французском, итальянском, японском, корейском, нидерландском, португальском, русском, шведском и китайском (упрощённом и традиционном) языках

КОНФИДЕНЦИАЛЬНОСТЬ
В Edendale нет собственных аккаунтов, рекламы, аналитики и телеметрии. Ваша библиотека и история просмотров хранятся на вашем компьютере. Если вы пользуетесь приложением OneDrive, Edendale также хранит копию сохранённых фильмов и сериалов и прогресса просмотра в вашем личном OneDrive, чтобы они были доступны на других ваших компьютерах. Чтобы получить обложки и описания, Edendale ищет фильмы и сериалы в TMDB. Поиск субтитров, предложения пропуска и привязанные хранилища подключаются к сети, только когда вы ими пользуетесь. Трейлеры открываются в браузере, только если вы сами решите их воспроизвести.

ОТКРЫТЫЙ ИСХОДНЫЙ КОД
Исходный код Edendale открыт по лицензии Mozilla Public License 2.0. В состав приложения входит LibVLC, который используется на условиях GNU LGPL.

Этот продукт использует API TMDB, но не одобрен и не сертифицирован TMDB.","Edendale es un reproductor de video y registro personal de lo que ves, gratuito y de código abierto, para Windows. Reproduce las películas y series que ya tienes, descubre lo que está en tendencia y lleva un registro de todo lo que ves. Sin cuenta, sin anuncios y sin analíticas.

TU BIBLIOTECA, ORGANIZADA
Agrega carpetas de tu PC o de almacenamiento en red. Edendale primero lee en tu dispositivo los nombres de películas y episodios a partir de los nombres de tus archivos y luego agrega pósters, elenco, temporadas y detalles de episodios desde TMDB. Explora títulos en tendencia, populares y mejor calificados, busca por título o por persona, filtra por fecha de lanzamiento y abre páginas de detalles con el elenco y la lista completa de temporadas. Si un título está guardado en más de un lugar, Edendale reproduce la primera copia a la que puede acceder.

UN REPRODUCTOR HECHO PARA PELÍCULAS Y SERIES
Edendale está construido sobre el motor de código abierto LibVLC y reproduce MKV, MP4, AVI, MOV, WMV, WebM, TS/M2TS, MPEG, FLV, 3GP y otros formatos sin necesidad de instalar códecs adicionales.
• Pantalla completa, Imagen dentro de imagen y ajuste a la frecuencia de actualización de la pantalla
• Velocidad de 0.25x a 3x, avance rápido al mantener presionado y saltos de 10, 15 o 30 segundos
• Selección de pistas de video, audio y subtítulos, con retraso del audio y de los subtítulos
• Ajustes de imagen: brillo, contraste, gamma, saturación y tono
• Ecualizador de 10 bandas con preajustes, Amplificador de audio y Envolvente en audífonos
• Marcas de capítulo en la línea de tiempo y lista de capítulos
• Una tarjeta “A continuación” que pasa al siguiente episodio
• Avisos opcionales “Omitir intro”, “Omitir resumen” y “Omitir créditos”. Vienen desactivados de forma predeterminada y no se omite nada hasta que hagas clic.
• La velocidad y las pistas que elijas se recuerdan para cada título

SUBTÍTULOS
Usa subtítulos incrustados o archivos de subtítulos que estén junto a tu video, o busca subtítulos en línea para los títulos vinculados a TMDB. Un subtítulo descargado se queda con su título y se elimina después de 30 días sin uso. Elige la fuente, el color y el fondo. El tamaño de los subtítulos sigue la configuración de tamaño de texto de Windows.

LLEVA UN REGISTRO DE LO QUE VES
Edendale guarda tu progreso mientras ves, para que retomes donde te quedaste desde Continuar viendo. Marca títulos como vistos, agrega favoritos, califica con estrellas y arma una Lista de seguimiento con las películas y series que quieres ver después. El filtro “Apto para público joven” muestra únicamente títulos con clasificación PG, PG-13, TV-PG o TV-14. Si quieres, también puedes conectar una cuenta de TMDB para sincronizar favoritos, calificaciones y tu lista de seguimiento.

REPRODUCE TU CONTENIDO DESDE DONDE ESTÉ
Reproduce desde carpetas locales, recursos compartidos de red SMB, SFTP, WebDAV, NFS y almacenamiento compatible con S3, además de Google Drive, OneDrive y Dropbox. Los inicios de sesión son opcionales y permanecen en tu PC.

VIDEO MÁS FLUIDO Y NÍTIDO (EXPERIMENTAL)
La mejora de video opcional usa gráficos NVIDIA, AMD e Intel compatibles para aplicar superresolución. La Generación de fotogramas experimental duplica la velocidad de fotogramas de los videos a 30 fps o menos. Ambas permanecen desactivadas hasta que las actives, y Edendale regresa a la reproducción normal con las fuentes de video que no pueden procesar.

HAZLO TUYO
• Elige cómo se ve y cómo suena el reproductor, desde el estilo de los subtítulos y los ajustes de imagen hasta los preajustes del ecualizador
• Atajos de teclado, gestos con mouse y táctiles, y compatibilidad con control de Xbox en el reproductor
• Botones de reproducción en la barra de tareas y lista de accesos directos de Continuar viendo
• Etiquetas y anuncios para lectores de pantalla. Respeta tu configuración de animaciones y tamaño de texto de Windows.
• Disponible en inglés, alemán, español, francés, italiano, japonés, coreano, neerlandés, portugués, ruso, sueco y chino (simplificado y tradicional)

PRIVACIDAD
Edendale no tiene cuenta propia, ni anuncios, ni analíticas ni telemetría. Tu biblioteca y tu historial de reproducción se guardan en tu PC. Si usas la app de OneDrive, Edendale también guarda una copia de tus títulos guardados y de tu progreso de reproducción en tu propio OneDrive, para que te acompañen a tus otras PC. Los títulos se consultan en TMDB para obtener ilustraciones y detalles. La búsqueda de subtítulos, los avisos para omitir y el almacenamiento vinculado solo se conectan cuando los usas. Los tráileres se abren en tu navegador solo cuando decides reproducirlos.

CÓDIGO ABIERTO
Edendale es de código abierto bajo la Mozilla Public License 2.0. Incluye LibVLC, que se usa bajo la GNU LGPL.

Este producto usa la API de TMDB, pero no está avalado ni certificado por TMDB.","Edendale es un reproductor de vídeo y un registro personal de visionado, gratuito y de código abierto, para Windows. Reproduce las películas y series que ya tienes, descubre lo que es tendencia y lleva el control de todo lo que ves. Sin cuenta, sin anuncios y sin analítica.

TU BIBLIOTECA, ORGANIZADA
Añade carpetas de tu PC o de un almacenamiento en red. Edendale lee primero, en tu propio dispositivo, los nombres de películas y episodios a partir de los nombres de archivo y, después, añade carteles, reparto, temporadas y detalles de episodios desde TMDB. Explora títulos en tendencia, populares y mejor valorados, busca por título o por persona, filtra por fecha de estreno y abre fichas con el reparto y la lista completa de temporadas. Si un título está guardado en más de un sitio, Edendale reproduce la primera copia a la que puede acceder.

UN REPRODUCTOR HECHO PARA PELÍCULAS Y SERIES
Edendale se basa en el motor de código abierto LibVLC y reproduce MKV, MP4, AVI, MOV, WMV, WebM, TS/M2TS, MPEG, FLV, 3GP y otros formatos sin instalar códecs adicionales.
• Pantalla completa, Imagen dentro de imagen y ajuste a la frecuencia de actualización de la pantalla
• Velocidad de 0,25x a 3x, avance rápido manteniendo pulsado y saltos de 10, 15 o 30 segundos
• Selección de pistas de vídeo, audio y subtítulos, con retardo del audio y de los subtítulos
• Ajustes de imagen: brillo, contraste, gamma, saturación y tono
• Ecualizador de 10 bandas con preajustes, Amplificador de audio y Envolvente en auriculares
• Marcas de capítulo en la línea de tiempo y lista de capítulos
• Una tarjeta «A continuación» que pasa al siguiente episodio
• Avisos opcionales «Saltar intro», «Saltar resumen» y «Saltar créditos». Están desactivados por defecto y no se salta nada hasta que haces clic.
• La velocidad y las pistas que elijas se recuerdan en cada título

SUBTÍTULOS
Usa los subtítulos incrustados o los archivos de subtítulos que estén junto al vídeo, o busca subtítulos en línea para los títulos vinculados a TMDB. Un subtítulo descargado se queda con su título y se elimina tras 30 días sin usarse. Elige la fuente, el color y el fondo. El tamaño de los subtítulos sigue la configuración de tamaño del texto de Windows.

LLEVA EL CONTROL DE LO QUE VES
Edendale guarda tu progreso mientras ves, para que puedas seguir donde lo dejaste desde Seguir viendo. Marca títulos como vistos, añade favoritos, valora con estrellas y ten una Lista de seguimiento con las películas y series que quieres ver después. El filtro «Apto para público joven» muestra solo títulos clasificados como PG, PG-13, TV-PG o TV-14. Opcionalmente, puedes conectar una cuenta de TMDB para sincronizar favoritos, valoraciones y tu lista de seguimiento.

TU CONTENIDO, ESTÉ DONDE ESTÉ
Reproduce desde carpetas locales, recursos compartidos de red SMB, SFTP, WebDAV, NFS y almacenamiento compatible con S3, además de Google Drive, OneDrive y Dropbox. Los inicios de sesión son opcionales y se quedan en tu PC.

VÍDEO MÁS FLUIDO Y NÍTIDO (EXPERIMENTAL)
La mejora de vídeo opcional usa gráficos NVIDIA, AMD e Intel compatibles para aplicar superresolución. La Generación de fotogramas, experimental, duplica la velocidad de fotogramas de los vídeos a 30 fps o menos. Ambas están desactivadas hasta que las actives, y Edendale vuelve a la reproducción normal con las fuentes de vídeo que no pueden procesar.

A TU MEDIDA
• Elige cómo se ve y cómo suena el reproductor, desde el estilo de los subtítulos y los ajustes de imagen hasta los preajustes del ecualizador
• Atajos de teclado, gestos con ratón y táctiles, y compatibilidad con mando de Xbox en el reproductor
• Controles de reproducción en la barra de tareas y lista de accesos directos de Seguir viendo
• Etiquetas y anuncios para lectores de pantalla. Respeta tu configuración de animaciones y tamaño del texto de Windows.
• Disponible en inglés, alemán, español, francés, italiano, japonés, coreano, neerlandés, portugués, ruso, sueco y chino (simplificado y tradicional)

PRIVACIDAD
Edendale no tiene cuenta propia, ni anuncios, ni analítica ni telemetría. Tu biblioteca y tu historial de visionado se guardan en tu PC. Si usas la aplicación de OneDrive, Edendale también conserva una copia de tus títulos guardados y de tu progreso de visionado en tu propio OneDrive, para que te acompañen en tus otros PC. Los títulos se consultan en TMDB para obtener ilustraciones y detalles. La búsqueda de subtítulos, los avisos para saltar y el almacenamiento vinculado solo se conectan cuando los usas. Los tráileres se abren en tu navegador solo cuando decides reproducirlos.

CÓDIGO ABIERTO
Edendale es de código abierto con licencia Mozilla Public License 2.0. Incluye LibVLC, que se usa conforme a la GNU LGPL.

Este producto utiliza la API de TMDB, pero no está respaldado ni certificado por TMDB.","Edendale är en gratis videospelare med öppen källkod och en personlig tittarlogg för Windows. Spela upp filmerna och serierna du redan äger, upptäck vad som trendar och håll koll på allt du tittar på. Inget konto, inga annonser och ingen analys.

DITT BIBLIOTEK I ORDNING
Lägg till mappar från datorn eller från nätverkslagring. Edendale läser först film- och avsnittsnamn från filnamnen direkt på din enhet och lägger sedan till affischer, rollista, säsonger och avsnittsinformation från TMDB. Bläddra bland titlar som trendar, är populära eller har högst betyg, sök efter titel eller person, filtrera efter premiärdatum och öppna detaljsidor med rollista och fullständiga säsongslistor. Om en titel finns på flera ställen spelar Edendale upp den första kopian som går att nå.

EN SPELARE GJORD FÖR FILM OCH SERIER
Edendale bygger på LibVLC-motorn med öppen källkod och spelar upp MKV, MP4, AVI, MOV, WMV, WebM, TS/M2TS, MPEG, FLV, 3GP med mera utan att du behöver installera extra kodekar.
• Helskärm, Bild-i-bild och anpassning till skärmens uppdateringsfrekvens
• Hastighet från 0,25x till 3x, snabbspolning när du håller ned och hopp på 10, 15 eller 30 sekunder
• Val av video-, ljud- och undertextspår, med ljud- och undertextfördröjning
• Bildjusteringar: ljusstyrka, kontrast, gamma, mättnad och nyans
• 10-bands equalizer med profiler, Ljudförstärkare och Surround i hörlurar
• Kapitelmarkeringar på tidslinjen och en kapitellista
• Ett Härnäst-kort som går vidare till nästa avsnitt
• Valfria förslag om att hoppa över intro, sammanfattning och eftertexter. De är avstängda som standard, och inget hoppas över förrän du klickar.
• Hastighet och spårval sparas för varje titel

UNDERTEXTER
Använd inbäddade undertexter eller undertextfiler bredvid videon, eller sök undertexter online för titlar som matchats mot TMDB. En hämtad undertext stannar hos sin titel och tas bort efter 30 dagar utan användning. Välj typsnitt, färg och bakgrund. Undertexternas storlek följer textstorleken i Windows.

HÅLL KOLL PÅ VAD DU TITTAR PÅ
Edendale sparar ditt förlopp medan du tittar, så att du kan fortsätta där du slutade från Fortsätt titta. Markera titlar som sedda, lägg till favoriter, ge stjärnbetyg och för en Visningslista över filmer och serier du vill se härnäst. Filtret Lämplig för ung publik visar bara titlar med åldersgränsen PG, PG-13, TV-PG eller TV-14. Om du vill kan du ansluta ett TMDB-konto för att synkronisera favoriter, betyg och din visningslista.

SPELA UPP DÄR DINA MEDIER FINNS
Spela upp från lokala mappar, SMB-nätverksdelningar, SFTP, WebDAV, NFS och S3-kompatibel lagring samt Google Drive, OneDrive och Dropbox. Inloggningar är valfria och stannar på din dator.

MJUKARE OCH SKARPARE VIDEO (EXPERIMENTELLT)
Valfri videoförbättring använder NVIDIA-, AMD- och Intel-grafik som stöds för superupplösning. Den experimentella funktionen Bildrutegenerering fördubblar bildfrekvensen för video med 30 fps eller lägre. Båda är avstängda tills du slår på dem, och Edendale återgår till vanlig uppspelning för källor som de inte klarar av.

GÖR DEN TILL DIN
• Välj hur spelaren ser ut och låter, från undertextstil och bildinställningar till equalizerprofiler
• Kortkommandon, mus- och pekgester samt stöd för Xbox-handkontroll i spelaren
• Uppspelningskontroller i aktivitetsfältet och en snabblista för Fortsätt titta
• Etiketter och upplästa meddelanden för skärmläsare. Följer dina inställningar för animationer och textstorlek i Windows.
• Finns på engelska, tyska, spanska, franska, italienska, japanska, koreanska, nederländska, portugisiska, ryska, svenska och kinesiska (förenklad och traditionell)

INTEGRITET
Edendale har inget eget konto, inga annonser och ingen analys eller telemetri. Ditt bibliotek och din visningshistorik lagras på din dator. Om du använder OneDrive-appen sparar Edendale också en kopia av dina sparade titlar och ditt visningsförlopp i ditt eget OneDrive, så att de följer med dig till dina andra datorer. Titlar slås upp på TMDB för att hämta bilder och information. Undertextsökning, hoppa över-förslag och länkad lagring ansluter bara när du använder dem. Trailers öppnas i webbläsaren bara när du väljer att spela upp dem.

ÖPPEN KÄLLKOD
Edendale är öppen källkod under Mozilla Public License 2.0. Appen innehåller LibVLC, som används enligt GNU LGPL.

Den här produkten använder TMDB API men är inte godkänd eller certifierad av TMDB."
ReleaseNotes,3,Text,,"Edendale 27.0 is a major update.
• A new player built on LibVLC that plays more formats, with Picture in Picture, refresh-rate matching, an equalizer, picture adjustments and a redesigned playlist
• Chapter marks on the timeline and a chapter list
• Optional Skip Intro, Recap and Credits prompts
• A downloaded subtitle now stays with its title and is removed after 30 days unused
• New sources: SFTP, WebDAV, NFS, S3-compatible storage, Google Drive, OneDrive and Dropbox
• Experimental video enhancement and Frame Generation on NVIDIA, AMD and Intel graphics (off by default)
• Xbox controller support, taskbar play controls and a Continue Watching jump list
• Playback fixes and performance improvements","Edendale 27.0 是一次重大更新。
• 基于 LibVLC 的全新播放器，支持更多格式，并带来画中画、刷新率匹配、均衡器、画面调整和重新设计的播放列表
• 时间轴上的章节标记和章节列表
• 可选的“跳过片头”、“跳过前情提要”和“跳过片尾”提示
• 下载的字幕现在会与对应作品保存在一起，30 天未使用后将被删除
• 新增来源：SFTP、WebDAV、NFS、S3 兼容存储、Google Drive、OneDrive 和 Dropbox
• 在 NVIDIA、AMD 和 Intel 显卡上提供实验性的视频增强和帧生成功能（默认关闭）
• Xbox 手柄支持、任务栏播放控制按钮和“继续观看”跳转列表
• 播放问题修复和性能改进","Edendale 27.0 是一次重大更新。
• 以 LibVLC 打造的全新播放器，支援更多格式，並提供子母畫面、更新率匹配、等化器、畫面調整和重新設計的播放清單
• 時間軸上的章節標記和章節清單
• 可選用的「略過片頭」、「略過前情提要」和「略過片尾」提示
• 下載的字幕現在會與對應作品保存在一起，30 天未使用後即會移除
• 新增來源：SFTP、WebDAV、NFS、S3 相容儲存空間、Google Drive、OneDrive 和 Dropbox
• 在 NVIDIA、AMD 和 Intel 顯示卡上提供實驗性的視訊增強和影格生成功能（預設關閉）
• 支援 Xbox 控制器、工作列播放控制項和「繼續觀看」跳躍清單
• 播放問題修正與效能改善","Edendale 27.0 is een grote update.
• Een nieuwe speler op basis van LibVLC die meer formaten afspeelt, met Beeld in beeld, afstemming op de verversingssnelheid, een equalizer, beeldaanpassingen en een vernieuwde afspeellijst
• Hoofdstukmarkeringen op de tijdlijn en een hoofdstukkenlijst
• Optionele knoppen voor “Intro overslaan”, “Samenvatting overslaan” en “Aftiteling overslaan”
• Een gedownloade ondertitel blijft nu bij de bijbehorende titel en wordt na 30 dagen zonder gebruik verwijderd
• Nieuwe bronnen: SFTP, WebDAV, NFS, S3-compatibele opslag, Google Drive, OneDrive en Dropbox
• Experimentele videoverbetering en Framegeneratie op grafische hardware van NVIDIA, AMD en Intel (standaard uit)
• Ondersteuning voor Xbox-controllers, afspeelknoppen in de taakbalk en een jumplist voor “Verder kijken”
• Oplossingen voor afspeelproblemen en prestatieverbeteringen","Edendale 27.0 is a major update.
• A new player built on LibVLC that plays more formats, with Picture in Picture, refresh-rate matching, an equaliser, picture adjustments and a redesigned playlist
• Chapter marks on the timeline and a chapter list
• Optional Skip Intro, Recap and Credits prompts
• A downloaded subtitle now stays with its title and is removed after 30 days unused
• New sources: SFTP, WebDAV, NFS, S3-compatible storage, Google Drive, OneDrive and Dropbox
• Experimental video enhancement and Frame Generation on NVIDIA, AMD and Intel graphics (off by default)
• Xbox controller support, taskbar play controls and a Continue Watching jump list
• Playback fixes and performance improvements","Edendale 27.0 is a major update.
• A new player built on LibVLC that plays more formats, with Picture in Picture, refresh-rate matching, an equaliser, picture adjustments and a redesigned playlist
• Chapter marks on the timeline and a chapter list
• Optional Skip Intro, Recap and Credits prompts
• A downloaded subtitle now stays with its title and is removed after 30 days unused
• New sources: SFTP, WebDAV, NFS, S3-compatible storage, Google Drive, OneDrive and Dropbox
• Experimental video enhancement and Frame Generation on NVIDIA, AMD and Intel graphics (off by default)
• Xbox controller support, taskbar play controls and a Continue Watching jump list
• Playback fixes and performance improvements","Edendale 27.0 is a major update.
• A new player built on LibVLC that plays more formats, with Picture in Picture, refresh-rate matching, an equaliser, picture adjustments and a redesigned playlist
• Chapter marks on the timeline and a chapter list
• Optional Skip Intro, Recap and Credits prompts
• A downloaded subtitle now stays with its title and is removed after 30 days unused
• New sources: SFTP, WebDAV, NFS, S3-compatible storage, Google Drive, OneDrive and Dropbox
• Experimental video enhancement and Frame Generation on NVIDIA, AMD and Intel graphics (off by default)
• Xbox controller support, taskbar play controls and a Continue Watching jump list
• Playback fixes and performance improvements","Edendale 27.0 est une mise à jour majeure.
• Un nouveau lecteur basé sur LibVLC qui lit davantage de formats, avec Image dans l’image, adaptation à la fréquence de rafraîchissement, égaliseur, réglages de l’image et liste de lecture repensée
• Repères de chapitres sur la barre de progression et liste des chapitres
• Propositions facultatives « Passer l’intro », « Passer le récapitulatif » et « Passer le générique »
• Un sous-titre téléchargé reste désormais lié à son titre et est supprimé après 30 jours sans utilisation
• Nouvelles sources : SFTP, WebDAV, NFS, stockage compatible S3, Google Drive, OneDrive et Dropbox
• Amélioration vidéo et Génération d’images expérimentales sur cartes graphiques NVIDIA, AMD et Intel (désactivées par défaut)
• Prise en charge de la manette Xbox, commandes de lecture dans la barre des tâches et liste de raccourcis « Reprendre la lecture »
• Corrections de lecture et amélioration des performances","Edendale 27.0 ist ein großes Update.
• Ein neuer Player auf Basis von LibVLC, der mehr Formate abspielt – mit Bild-in-Bild, Anpassung an die Bildwiederholrate, Equalizer, Bildanpassung und neu gestalteter Playlist
• Kapitelmarken auf der Zeitleiste und eine Kapitelliste
• Optionale Einblendungen „Intro überspringen“, „Rückblick überspringen“ und „Abspann überspringen“
• Ein heruntergeladener Untertitel bleibt jetzt bei seinem Titel und wird nach 30 Tagen ohne Nutzung entfernt
• Neue Quellen: SFTP, WebDAV, NFS, S3-kompatibler Speicher, Google Drive, OneDrive und Dropbox
• Experimentelle Bildoptimierung und Frame-Generierung auf Grafikhardware von NVIDIA, AMD und Intel (standardmäßig aus)
• Unterstützung für Xbox-Controller, Wiedergabesteuerung in der Taskleiste und eine Sprungliste für „Weiter ansehen“
• Fehlerbehebungen bei der Wiedergabe und Leistungsverbesserungen","Edendale 27.0 è un aggiornamento importante.
• Un nuovo player basato su LibVLC che riproduce più formati, con Picture in Picture, adattamento alla frequenza di aggiornamento, equalizzatore, regolazioni dell’immagine e una playlist riprogettata
• Indicatori dei capitoli sulla barra di avanzamento ed elenco dei capitoli
• Inviti facoltativi “Salta intro”, “Salta riassunto” e “Salta titoli di coda”
• Un sottotitolo scaricato ora resta abbinato al suo titolo e viene rimosso dopo 30 giorni di inutilizzo
• Nuove sorgenti: SFTP, WebDAV, NFS, archiviazione compatibile S3, Google Drive, OneDrive e Dropbox
• Miglioramento video e Generazione di fotogrammi sperimentali su schede grafiche NVIDIA, AMD e Intel (disattivati per impostazione predefinita)
• Supporto del controller Xbox, controlli di riproduzione nella barra delle applicazioni e jump list “Continua a guardare”
• Correzioni alla riproduzione e miglioramenti delle prestazioni","Edendale 27.0 は大型アップデートです。
• LibVLC をベースにした新しいプレーヤー。より多くの形式を再生でき、ピクチャインピクチャ、リフレッシュレート合わせ、イコライザ、画質調整、デザインを一新したプレイリストを搭載
• タイムライン上のチャプターマークとチャプター一覧
• イントロ、あらすじ、クレジットのスキップ提案（オプション）
• ダウンロードした字幕が作品ごとに保持され、30 日間使用されないと削除されるようになりました
• 新しいソース：SFTP、WebDAV、NFS、S3 互換ストレージ、Google Drive、OneDrive、Dropbox
• NVIDIA、AMD、Intel のグラフィックスでの試験的な高画質化とフレーム生成（初期設定ではオフ）
• Xbox コントローラー対応、タスクバーの再生コントロール、「視聴を続ける」ジャンプ リスト
• 再生に関する不具合の修正とパフォーマンスの向上","Edendale 27.0은 대규모 업데이트입니다.
• LibVLC 기반의 새로운 플레이어: 더 많은 형식 재생, 화면 속 화면(PIP), 주사율 맞춤, 이퀄라이저, 화면 조정, 새롭게 디자인된 재생 목록
• 타임라인의 챕터 표시와 챕터 목록
• 인트로, 지난 이야기, 크레딧 건너뛰기 제안(선택 사항)
• 다운로드한 자막이 이제 해당 작품에 보관되며 30일 동안 사용하지 않으면 삭제됨
• 새 소스: SFTP, WebDAV, NFS, S3 호환 스토리지, Google Drive, OneDrive, Dropbox
• NVIDIA, AMD, Intel 그래픽에서 실험적 화질 향상 및 프레임 생성 지원(기본값: 꺼짐)
• Xbox 컨트롤러 지원, 작업 표시줄 재생 컨트롤, '시청 계속하기' 점프 목록
• 재생 관련 문제 수정 및 성능 개선","O Edendale 27.0 é uma grande atualização.
• Um novo player baseado no LibVLC que reproduz mais formatos, com Picture in Picture, ajuste à taxa de atualização, equalizador, ajustes de imagem e uma playlist redesenhada
• Marcas de capítulo na linha do tempo e lista de capítulos
• Sugestões opcionais para pular abertura, recapitulação e créditos
• Agora, uma legenda baixada fica salva com o seu título e é removida após 30 dias sem uso
• Novas fontes: SFTP, WebDAV, NFS, armazenamento compatível com S3, Google Drive, OneDrive e Dropbox
• Aprimoramento de vídeo e Geração de quadros experimentais em GPUs NVIDIA, AMD e Intel (desativados por padrão)
• Suporte a controle do Xbox, controles de reprodução na barra de tarefas e lista de atalhos com “Continuar assistindo”
• Correções na reprodução e melhorias de desempenho","O Edendale 27.0 é uma atualização importante.
• Um novo leitor baseado no LibVLC que reproduz mais formatos, com Picture in Picture, ajuste à taxa de atualização, equalizador, ajustes de imagem e uma lista de reprodução redesenhada
• Marcas de capítulo na barra de progresso e lista de capítulos
• Sugestões opcionais para saltar genérico, resumo e créditos
• Uma legenda transferida passa a ficar guardada com o respetivo título e é removida após 30 dias sem utilização
• Novas fontes: SFTP, WebDAV, NFS, armazenamento compatível com S3, Google Drive, OneDrive e Dropbox
• Melhoria de vídeo e Geração de fotogramas experimentais em GPUs NVIDIA, AMD e Intel (desativadas por predefinição)
• Suporte para comando Xbox, controlos de reprodução na barra de tarefas e lista de atalhos com “Continuar a ver”
• Correções na reprodução e melhorias de desempenho","Edendale 27.0 — крупное обновление.
• Новый плеер на базе LibVLC, который воспроизводит больше форматов: с режимом «Картинка в картинке», подстройкой частоты обновления, эквалайзером, настройками изображения и переработанным плейлистом
• Метки глав на шкале времени и список глав
• Необязательные предложения «Пропустить заставку», «Пропустить краткое содержание» и «Пропустить титры»
• Скачанные субтитры теперь остаются привязаны к своему фильму или сериалу и удаляются, если не использовались 30 дней
• Новые источники: SFTP, WebDAV, NFS, S3-совместимые хранилища, Google Drive, OneDrive и Dropbox
• Экспериментальные улучшение видео и «Генерация кадров» на графике NVIDIA, AMD и Intel (по умолчанию выключены)
• Поддержка контроллера Xbox, кнопки управления воспроизведением на панели задач и список переходов «Продолжить просмотр»
• Исправления воспроизведения и повышение производительности","Edendale 27.0 es una gran actualización.
• Un nuevo reproductor basado en LibVLC que reproduce más formatos, con Imagen dentro de imagen, ajuste a la frecuencia de actualización, ecualizador, ajustes de imagen y una lista de reproducción rediseñada
• Marcas de capítulo en la línea de tiempo y lista de capítulos
• Avisos opcionales “Omitir intro”, “Omitir resumen” y “Omitir créditos”
• Ahora, un subtítulo descargado se queda con su título y se elimina después de 30 días sin uso
• Nuevos orígenes: SFTP, WebDAV, NFS, almacenamiento compatible con S3, Google Drive, OneDrive y Dropbox
• Mejora de video y Generación de fotogramas experimentales en gráficos NVIDIA, AMD e Intel (desactivadas de forma predeterminada)
• Compatibilidad con control de Xbox, botones de reproducción en la barra de tareas y lista de accesos directos de Continuar viendo
• Correcciones de reproducción y mejoras de rendimiento","Edendale 27.0 es una actualización importante.
• Un nuevo reproductor basado en LibVLC que reproduce más formatos, con Imagen dentro de imagen, ajuste a la frecuencia de actualización, ecualizador, ajustes de imagen y una lista de reproducción rediseñada
• Marcas de capítulo en la línea de tiempo y lista de capítulos
• Avisos opcionales «Saltar intro», «Saltar resumen» y «Saltar créditos»
• Ahora, un subtítulo descargado se queda con su título y se elimina tras 30 días sin usarse
• Nuevas fuentes: SFTP, WebDAV, NFS, almacenamiento compatible con S3, Google Drive, OneDrive y Dropbox
• Mejora de vídeo y Generación de fotogramas experimentales en gráficos NVIDIA, AMD e Intel (desactivadas por defecto)
• Compatibilidad con mando de Xbox, controles de reproducción en la barra de tareas y lista de accesos directos de Seguir viendo
• Correcciones de reproducción y mejoras de rendimiento","Edendale 27.0 är en stor uppdatering.
• En ny spelare byggd på LibVLC som spelar upp fler format, med Bild-i-bild, anpassning av uppdateringsfrekvens, equalizer, bildjusteringar och en omgjord spellista
• Kapitelmarkeringar på tidslinjen och en kapitellista
• Valfria förslag om att hoppa över intro, sammanfattning och eftertexter
• En hämtad undertext stannar nu hos sin titel och tas bort efter 30 dagar utan användning
• Nya källor: SFTP, WebDAV, NFS, S3-kompatibel lagring, Google Drive, OneDrive och Dropbox
• Experimentell videoförbättring och Bildrutegenerering på NVIDIA-, AMD- och Intel-grafik (avstängt som standard)
• Stöd för Xbox-handkontroll, uppspelningskontroller i aktivitetsfältet och en snabblista för Fortsätt titta
• Korrigeringar av uppspelningen och prestandaförbättringar"
Title,4,Text,,Edendale,Edendale,Edendale,Edendale,Edendale,Edendale,Edendale,Edendale,Edendale,Edendale,Edendale,Edendale,Edendale,Edendale,Edendale,Edendale,Edendale,Edendale
ShortTitle,5,Text,,Edendale,Edendale,Edendale,Edendale,Edendale,Edendale,Edendale,Edendale,Edendale,Edendale,Edendale,Edendale,Edendale,Edendale,Edendale,Edendale,Edendale,Edendale
SortTitle,6,Text,,Edendale,Edendale,Edendale,Edendale,Edendale,Edendale,Edendale,Edendale,Edendale,Edendale,Edendale,Edendale,Edendale,Edendale,Edendale,Edendale,Edendale,Edendale
VoiceTitle,7,Text,,Edendale,Edendale,Edendale,Edendale,Edendale,Edendale,Edendale,Edendale,Edendale,Edendale,Edendale,Edendale,Edendale,Edendale,Edendale,Edendale,Edendale,Edendale
ShortDescription,8,Text,,"Free, open-source video player and watch tracker. Play movies and shows from your PC or network storage, pick up where you left off, and keep a watchlist. No account, no ads, no analytics.",免费、开源的视频播放器和观影记录工具。播放电脑或网络存储中的电影和剧集，从上次停下的地方继续观看，并建立你的待看清单。无需帐户，无广告，无统计分析。,免費、開放原始碼的影片播放器與觀影紀錄工具。播放電腦或網路儲存空間中的電影和影集，從上次看到的地方繼續觀看，並建立你的待看清單。無須帳戶、沒有廣告，也沒有使用分析。,"Gratis opensource videospeler en kijktracker. Speel films en series af vanaf je pc of netwerkopslag, ga verder waar je was gebleven en houd een kijklijst bij. Geen account, geen advertenties, geen analytics.","Free, open-source video player and watch tracker. Play movies and shows from your PC or network storage, pick up where you left off, and keep a watchlist. No account, no ads, no analytics.","Free, open-source video player and watch tracker. Play movies and shows from your PC or network storage, pick up where you left off, and keep a watchlist. No account, no ads, no analytics.","Free, open-source video player and watch tracker. Play movies and shows from your PC or network storage, pick up where you left off, and keep a watchlist. No account, no ads, no analytics.","Lecteur vidéo gratuit et open source avec suivi de visionnage. Lisez films et séries depuis votre PC ou un stockage réseau, reprenez là où vous vous étiez arrêté et tenez une liste à voir. Sans compte, sans publicité, sans outil d’analyse.","Kostenloser Open-Source-Videoplayer und Film- und Serien-Tracker. Spiele deine Filme und Serien vom PC oder Netzwerkspeicher ab, mach dort weiter, wo du aufgehört hast, und führe eine Watchlist. Kein Konto, keine Werbung, keine Analysen.","Lettore video gratuito e open source con registro delle visioni. Riproduci film e programmi TV dal PC o da un archivio di rete, riprendi da dove avevi interrotto e tieni una watchlist. Nessun account, niente pubblicità, nessuno strumento di analisi.",無料・オープンソースの動画プレーヤー兼視聴記録アプリ。PC やネットワーク ストレージにある映画やテレビ番組を再生し、前回の続きから視聴でき、ウォッチリストも作れます。アカウント不要、広告なし、アナリティクスなし。,"무료 오픈 소스 동영상 플레이어 겸 시청 기록 앱. PC나 네트워크 스토리지의 영화와 TV 프로그램을 재생하고, 보던 곳부터 이어 보고, 관심 목록을 관리하세요. 계정이 필요 없고, 광고와 분석 기능도 없습니다.","Player de vídeo gratuito e de código aberto com controle do que você assiste. Reproduza filmes e séries do seu PC ou de armazenamento em rede, continue de onde parou e mantenha uma lista de interesse. Sem conta, sem anúncios, sem ferramentas de análise.","Leitor de vídeo gratuito e de código aberto com registo do que vê. Reproduza filmes e séries a partir do seu PC ou de armazenamento em rede, retome onde parou e mantenha uma lista de visualização. Sem conta, sem anúncios, sem ferramentas de análise.","Бесплатный видеоплеер и трекер просмотров с открытым исходным кодом. Смотрите фильмы и сериалы с компьютера или из сетевого хранилища, продолжайте с того же места и ведите список просмотра. Без аккаунта, рекламы и аналитики.","Reproductor de video y registro de lo que ves, gratuito y de código abierto. Reproduce películas y series desde tu PC o almacenamiento en red, retoma donde te quedaste y arma tu lista de seguimiento. Sin cuenta, sin anuncios, sin analíticas.","Reproductor de vídeo y registro de visionado, gratuito y de código abierto. Reproduce películas y series desde tu PC o tu almacenamiento en red, sigue donde lo dejaste y gestiona tu lista de seguimiento. Sin cuenta, sin anuncios y sin analítica.","Gratis videospelare och tittarlogg med öppen källkod. Spela upp filmer och serier från datorn eller nätverkslagring, fortsätt där du slutade och för en visningslista. Inget konto, inga annonser, ingen analys."
DevStudio,9,Text,,Long Ju,Long Ju,Long Ju,Long Ju,Long Ju,Long Ju,Long Ju,Long Ju,Long Ju,Long Ju,Long Ju,Long Ju,Long Ju,Long Ju,Long Ju,Long Ju,Long Ju,Long Ju
CopyrightTrademarkInformation,12,Text,,© Edendale Contributors,© Edendale Contributors,© Edendale Contributors,© Edendale Contributors,© Edendale Contributors,© Edendale Contributors,© Edendale Contributors,© Edendale Contributors,© Edendale Contributors,© Edendale Contributors,© Edendale Contributors,© Edendale Contributors,© Edendale Contributors,© Edendale Contributors,© Edendale Contributors,© Edendale Contributors,© Edendale Contributors,© Edendale Contributors
AdditionalLicenseTerms,13,Text,,,,,,,,,,,,,,,,,,,
DesktopScreenshot1,100,Relative path (or URL to file in Partner Center),,https://developer.microsoft.com/en-us/dashboard/apps/9NNR79Q8BZTN/submissions/1152921505702086093/listings/1152922700026683311/listingassets/3013704678776594512,https://developer.microsoft.com/en-us/dashboard/apps/9NNR79Q8BZTN/submissions/1152921505702086093/listings/1152922700026683311/listingassets/3013704678776594512,https://developer.microsoft.com/en-us/dashboard/apps/9NNR79Q8BZTN/submissions/1152921505702086093/listings/1152922700026683311/listingassets/3013704678776594512,https://developer.microsoft.com/en-us/dashboard/apps/9NNR79Q8BZTN/submissions/1152921505702086093/listings/1152922700026683311/listingassets/3013704678776594512,https://developer.microsoft.com/en-us/dashboard/apps/9NNR79Q8BZTN/submissions/1152921505702086093/listings/1152922700026683311/listingassets/3013704678776594512,https://developer.microsoft.com/en-us/dashboard/apps/9NNR79Q8BZTN/submissions/1152921505702086093/listings/1152922700026683311/listingassets/3013704678776594512,https://developer.microsoft.com/en-us/dashboard/apps/9NNR79Q8BZTN/submissions/1152921505702086093/listings/1152922700026683311/listingassets/3013704678776594512,https://developer.microsoft.com/en-us/dashboard/apps/9NNR79Q8BZTN/submissions/1152921505702086093/listings/1152922700026683311/listingassets/3013704678776594512,https://developer.microsoft.com/en-us/dashboard/apps/9NNR79Q8BZTN/submissions/1152921505702086093/listings/1152922700026683311/listingassets/3013704678776594512,https://developer.microsoft.com/en-us/dashboard/apps/9NNR79Q8BZTN/submissions/1152921505702086093/listings/1152922700026683311/listingassets/3013704678776594512,https://developer.microsoft.com/en-us/dashboard/apps/9NNR79Q8BZTN/submissions/1152921505702086093/listings/1152922700026683311/listingassets/3013704678776594512,https://developer.microsoft.com/en-us/dashboard/apps/9NNR79Q8BZTN/submissions/1152921505702086093/listings/1152922700026683311/listingassets/3013704678776594512,https://developer.microsoft.com/en-us/dashboard/apps/9NNR79Q8BZTN/submissions/1152921505702086093/listings/1152922700026683311/listingassets/3013704678776594512,https://developer.microsoft.com/en-us/dashboard/apps/9NNR79Q8BZTN/submissions/1152921505702086093/listings/1152922700026683311/listingassets/3013704678776594512,https://developer.microsoft.com/en-us/dashboard/apps/9NNR79Q8BZTN/submissions/1152921505702086093/listings/1152922700026683311/listingassets/3013704678776594512,https://developer.microsoft.com/en-us/dashboard/apps/9NNR79Q8BZTN/submissions/1152921505702086093/listings/1152922700026683311/listingassets/3013704678776594512,https://developer.microsoft.com/en-us/dashboard/apps/9NNR79Q8BZTN/submissions/1152921505702086093/listings/1152922700026683311/listingassets/3013704678776594512,https://developer.microsoft.com/en-us/dashboard/apps/9NNR79Q8BZTN/submissions/1152921505702086093/listings/1152922700026683311/listingassets/3013704678776594512
DesktopScreenshot2,101,Relative path (or URL to file in Partner Center),,https://developer.microsoft.com/en-us/dashboard/apps/9NNR79Q8BZTN/submissions/1152921505702086093/listings/1152922700026683311/listingassets/3067157023471718037,https://developer.microsoft.com/en-us/dashboard/apps/9NNR79Q8BZTN/submissions/1152921505702086093/listings/1152922700026683311/listingassets/3067157023471718037,https://developer.microsoft.com/en-us/dashboard/apps/9NNR79Q8BZTN/submissions/1152921505702086093/listings/1152922700026683311/listingassets/3067157023471718037,https://developer.microsoft.com/en-us/dashboard/apps/9NNR79Q8BZTN/submissions/1152921505702086093/listings/1152922700026683311/listingassets/3067157023471718037,https://developer.microsoft.com/en-us/dashboard/apps/9NNR79Q8BZTN/submissions/1152921505702086093/listings/1152922700026683311/listingassets/3067157023471718037,https://developer.microsoft.com/en-us/dashboard/apps/9NNR79Q8BZTN/submissions/1152921505702086093/listings/1152922700026683311/listingassets/3067157023471718037,https://developer.microsoft.com/en-us/dashboard/apps/9NNR79Q8BZTN/submissions/1152921505702086093/listings/1152922700026683311/listingassets/3067157023471718037,https://developer.microsoft.com/en-us/dashboard/apps/9NNR79Q8BZTN/submissions/1152921505702086093/listings/1152922700026683311/listingassets/3067157023471718037,https://developer.microsoft.com/en-us/dashboard/apps/9NNR79Q8BZTN/submissions/1152921505702086093/listings/1152922700026683311/listingassets/3067157023471718037,https://developer.microsoft.com/en-us/dashboard/apps/9NNR79Q8BZTN/submissions/1152921505702086093/listings/1152922700026683311/listingassets/3067157023471718037,https://developer.microsoft.com/en-us/dashboard/apps/9NNR79Q8BZTN/submissions/1152921505702086093/listings/1152922700026683311/listingassets/3067157023471718037,https://developer.microsoft.com/en-us/dashboard/apps/9NNR79Q8BZTN/submissions/1152921505702086093/listings/1152922700026683311/listingassets/3067157023471718037,https://developer.microsoft.com/en-us/dashboard/apps/9NNR79Q8BZTN/submissions/1152921505702086093/listings/1152922700026683311/listingassets/3067157023471718037,https://developer.microsoft.com/en-us/dashboard/apps/9NNR79Q8BZTN/submissions/1152921505702086093/listings/1152922700026683311/listingassets/3067157023471718037,https://developer.microsoft.com/en-us/dashboard/apps/9NNR79Q8BZTN/submissions/1152921505702086093/listings/1152922700026683311/listingassets/3067157023471718037,https://developer.microsoft.com/en-us/dashboard/apps/9NNR79Q8BZTN/submissions/1152921505702086093/listings/1152922700026683311/listingassets/3067157023471718037,https://developer.microsoft.com/en-us/dashboard/apps/9NNR79Q8BZTN/submissions/1152921505702086093/listings/1152922700026683311/listingassets/3067157023471718037,https://developer.microsoft.com/en-us/dashboard/apps/9NNR79Q8BZTN/submissions/1152921505702086093/listings/1152922700026683311/listingassets/3067157023471718037
DesktopScreenshot3,102,Relative path (or URL to file in Partner Center),,https://developer.microsoft.com/en-us/dashboard/apps/9NNR79Q8BZTN/submissions/1152921505702086093/listings/1152922700026683311/listingassets/3065908938063921794,https://developer.microsoft.com/en-us/dashboard/apps/9NNR79Q8BZTN/submissions/1152921505702086093/listings/1152922700026683311/listingassets/3065908938063921794,https://developer.microsoft.com/en-us/dashboard/apps/9NNR79Q8BZTN/submissions/1152921505702086093/listings/1152922700026683311/listingassets/3065908938063921794,https://developer.microsoft.com/en-us/dashboard/apps/9NNR79Q8BZTN/submissions/1152921505702086093/listings/1152922700026683311/listingassets/3065908938063921794,https://developer.microsoft.com/en-us/dashboard/apps/9NNR79Q8BZTN/submissions/1152921505702086093/listings/1152922700026683311/listingassets/3065908938063921794,https://developer.microsoft.com/en-us/dashboard/apps/9NNR79Q8BZTN/submissions/1152921505702086093/listings/1152922700026683311/listingassets/3065908938063921794,https://developer.microsoft.com/en-us/dashboard/apps/9NNR79Q8BZTN/submissions/1152921505702086093/listings/1152922700026683311/listingassets/3065908938063921794,https://developer.microsoft.com/en-us/dashboard/apps/9NNR79Q8BZTN/submissions/1152921505702086093/listings/1152922700026683311/listingassets/3065908938063921794,https://developer.microsoft.com/en-us/dashboard/apps/9NNR79Q8BZTN/submissions/1152921505702086093/listings/1152922700026683311/listingassets/3065908938063921794,https://developer.microsoft.com/en-us/dashboard/apps/9NNR79Q8BZTN/submissions/1152921505702086093/listings/1152922700026683311/listingassets/3065908938063921794,https://developer.microsoft.com/en-us/dashboard/apps/9NNR79Q8BZTN/submissions/1152921505702086093/listings/1152922700026683311/listingassets/3065908938063921794,https://developer.microsoft.com/en-us/dashboard/apps/9NNR79Q8BZTN/submissions/1152921505702086093/listings/1152922700026683311/listingassets/3065908938063921794,https://developer.microsoft.com/en-us/dashboard/apps/9NNR79Q8BZTN/submissions/1152921505702086093/listings/1152922700026683311/listingassets/3065908938063921794,https://developer.microsoft.com/en-us/dashboard/apps/9NNR79Q8BZTN/submissions/1152921505702086093/listings/1152922700026683311/listingassets/3065908938063921794,https://developer.microsoft.com/en-us/dashboard/apps/9NNR79Q8BZTN/submissions/1152921505702086093/listings/1152922700026683311/listingassets/3065908938063921794,https://developer.microsoft.com/en-us/dashboard/apps/9NNR79Q8BZTN/submissions/1152921505702086093/listings/1152922700026683311/listingassets/3065908938063921794,https://developer.microsoft.com/en-us/dashboard/apps/9NNR79Q8BZTN/submissions/1152921505702086093/listings/1152922700026683311/listingassets/3065908938063921794,https://developer.microsoft.com/en-us/dashboard/apps/9NNR79Q8BZTN/submissions/1152921505702086093/listings/1152922700026683311/listingassets/3065908938063921794
DesktopScreenshot4,103,Relative path (or URL to file in Partner Center),,https://developer.microsoft.com/en-us/dashboard/apps/9NNR79Q8BZTN/submissions/1152921505702086093/listings/1152922700026683311/listingassets/3029671517687078247,https://developer.microsoft.com/en-us/dashboard/apps/9NNR79Q8BZTN/submissions/1152921505702086093/listings/1152922700026683311/listingassets/3029671517687078247,https://developer.microsoft.com/en-us/dashboard/apps/9NNR79Q8BZTN/submissions/1152921505702086093/listings/1152922700026683311/listingassets/3029671517687078247,https://developer.microsoft.com/en-us/dashboard/apps/9NNR79Q8BZTN/submissions/1152921505702086093/listings/1152922700026683311/listingassets/3029671517687078247,https://developer.microsoft.com/en-us/dashboard/apps/9NNR79Q8BZTN/submissions/1152921505702086093/listings/1152922700026683311/listingassets/3029671517687078247,https://developer.microsoft.com/en-us/dashboard/apps/9NNR79Q8BZTN/submissions/1152921505702086093/listings/1152922700026683311/listingassets/3029671517687078247,https://developer.microsoft.com/en-us/dashboard/apps/9NNR79Q8BZTN/submissions/1152921505702086093/listings/1152922700026683311/listingassets/3029671517687078247,https://developer.microsoft.com/en-us/dashboard/apps/9NNR79Q8BZTN/submissions/1152921505702086093/listings/1152922700026683311/listingassets/3029671517687078247,https://developer.microsoft.com/en-us/dashboard/apps/9NNR79Q8BZTN/submissions/1152921505702086093/listings/1152922700026683311/listingassets/3029671517687078247,https://developer.microsoft.com/en-us/dashboard/apps/9NNR79Q8BZTN/submissions/1152921505702086093/listings/1152922700026683311/listingassets/3029671517687078247,https://developer.microsoft.com/en-us/dashboard/apps/9NNR79Q8BZTN/submissions/1152921505702086093/listings/1152922700026683311/listingassets/3029671517687078247,https://developer.microsoft.com/en-us/dashboard/apps/9NNR79Q8BZTN/submissions/1152921505702086093/listings/1152922700026683311/listingassets/3029671517687078247,https://developer.microsoft.com/en-us/dashboard/apps/9NNR79Q8BZTN/submissions/1152921505702086093/listings/1152922700026683311/listingassets/3029671517687078247,https://developer.microsoft.com/en-us/dashboard/apps/9NNR79Q8BZTN/submissions/1152921505702086093/listings/1152922700026683311/listingassets/3029671517687078247,https://developer.microsoft.com/en-us/dashboard/apps/9NNR79Q8BZTN/submissions/1152921505702086093/listings/1152922700026683311/listingassets/3029671517687078247,https://developer.microsoft.com/en-us/dashboard/apps/9NNR79Q8BZTN/submissions/1152921505702086093/listings/1152922700026683311/listingassets/3029671517687078247,https://developer.microsoft.com/en-us/dashboard/apps/9NNR79Q8BZTN/submissions/1152921505702086093/listings/1152922700026683311/listingassets/3029671517687078247,https://developer.microsoft.com/en-us/dashboard/apps/9NNR79Q8BZTN/submissions/1152921505702086093/listings/1152922700026683311/listingassets/3029671517687078247
DesktopScreenshot5,104,Relative path (or URL to file in Partner Center),,https://developer.microsoft.com/en-us/dashboard/apps/9NNR79Q8BZTN/submissions/1152921505702086093/listings/1152922700026683311/listingassets/3048359244682867940,https://developer.microsoft.com/en-us/dashboard/apps/9NNR79Q8BZTN/submissions/1152921505702086093/listings/1152922700026683311/listingassets/3048359244682867940,https://developer.microsoft.com/en-us/dashboard/apps/9NNR79Q8BZTN/submissions/1152921505702086093/listings/1152922700026683311/listingassets/3048359244682867940,https://developer.microsoft.com/en-us/dashboard/apps/9NNR79Q8BZTN/submissions/1152921505702086093/listings/1152922700026683311/listingassets/3048359244682867940,https://developer.microsoft.com/en-us/dashboard/apps/9NNR79Q8BZTN/submissions/1152921505702086093/listings/1152922700026683311/listingassets/3048359244682867940,https://developer.microsoft.com/en-us/dashboard/apps/9NNR79Q8BZTN/submissions/1152921505702086093/listings/1152922700026683311/listingassets/3048359244682867940,https://developer.microsoft.com/en-us/dashboard/apps/9NNR79Q8BZTN/submissions/1152921505702086093/listings/1152922700026683311/listingassets/3048359244682867940,https://developer.microsoft.com/en-us/dashboard/apps/9NNR79Q8BZTN/submissions/1152921505702086093/listings/1152922700026683311/listingassets/3048359244682867940,https://developer.microsoft.com/en-us/dashboard/apps/9NNR79Q8BZTN/submissions/1152921505702086093/listings/1152922700026683311/listingassets/3048359244682867940,https://developer.microsoft.com/en-us/dashboard/apps/9NNR79Q8BZTN/submissions/1152921505702086093/listings/1152922700026683311/listingassets/3048359244682867940,https://developer.microsoft.com/en-us/dashboard/apps/9NNR79Q8BZTN/submissions/1152921505702086093/listings/1152922700026683311/listingassets/3048359244682867940,https://developer.microsoft.com/en-us/dashboard/apps/9NNR79Q8BZTN/submissions/1152921505702086093/listings/1152922700026683311/listingassets/3048359244682867940,https://developer.microsoft.com/en-us/dashboard/apps/9NNR79Q8BZTN/submissions/1152921505702086093/listings/1152922700026683311/listingassets/3048359244682867940,https://developer.microsoft.com/en-us/dashboard/apps/9NNR79Q8BZTN/submissions/1152921505702086093/listings/1152922700026683311/listingassets/3048359244682867940,https://developer.microsoft.com/en-us/dashboard/apps/9NNR79Q8BZTN/submissions/1152921505702086093/listings/1152922700026683311/listingassets/3048359244682867940,https://developer.microsoft.com/en-us/dashboard/apps/9NNR79Q8BZTN/submissions/1152921505702086093/listings/1152922700026683311/listingassets/3048359244682867940,https://developer.microsoft.com/en-us/dashboard/apps/9NNR79Q8BZTN/submissions/1152921505702086093/listings/1152922700026683311/listingassets/3048359244682867940,https://developer.microsoft.com/en-us/dashboard/apps/9NNR79Q8BZTN/submissions/1152921505702086093/listings/1152922700026683311/listingassets/3048359244682867940
DesktopScreenshot6,105,Relative path (or URL to file in Partner Center),,https://developer.microsoft.com/en-us/dashboard/apps/9NNR79Q8BZTN/submissions/1152921505702086093/listings/1152922700026683311/listingassets/3070377198094750062,https://developer.microsoft.com/en-us/dashboard/apps/9NNR79Q8BZTN/submissions/1152921505702086093/listings/1152922700026683311/listingassets/3070377198094750062,https://developer.microsoft.com/en-us/dashboard/apps/9NNR79Q8BZTN/submissions/1152921505702086093/listings/1152922700026683311/listingassets/3070377198094750062,https://developer.microsoft.com/en-us/dashboard/apps/9NNR79Q8BZTN/submissions/1152921505702086093/listings/1152922700026683311/listingassets/3070377198094750062,https://developer.microsoft.com/en-us/dashboard/apps/9NNR79Q8BZTN/submissions/1152921505702086093/listings/1152922700026683311/listingassets/3070377198094750062,https://developer.microsoft.com/en-us/dashboard/apps/9NNR79Q8BZTN/submissions/1152921505702086093/listings/1152922700026683311/listingassets/3070377198094750062,https://developer.microsoft.com/en-us/dashboard/apps/9NNR79Q8BZTN/submissions/1152921505702086093/listings/1152922700026683311/listingassets/3070377198094750062,https://developer.microsoft.com/en-us/dashboard/apps/9NNR79Q8BZTN/submissions/1152921505702086093/listings/1152922700026683311/listingassets/3070377198094750062,https://developer.microsoft.com/en-us/dashboard/apps/9NNR79Q8BZTN/submissions/1152921505702086093/listings/1152922700026683311/listingassets/3070377198094750062,https://developer.microsoft.com/en-us/dashboard/apps/9NNR79Q8BZTN/submissions/1152921505702086093/listings/1152922700026683311/listingassets/3070377198094750062,https://developer.microsoft.com/en-us/dashboard/apps/9NNR79Q8BZTN/submissions/1152921505702086093/listings/1152922700026683311/listingassets/3070377198094750062,https://developer.microsoft.com/en-us/dashboard/apps/9NNR79Q8BZTN/submissions/1152921505702086093/listings/1152922700026683311/listingassets/3070377198094750062,https://developer.microsoft.com/en-us/dashboard/apps/9NNR79Q8BZTN/submissions/1152921505702086093/listings/1152922700026683311/listingassets/3070377198094750062,https://developer.microsoft.com/en-us/dashboard/apps/9NNR79Q8BZTN/submissions/1152921505702086093/listings/1152922700026683311/listingassets/3070377198094750062,https://developer.microsoft.com/en-us/dashboard/apps/9NNR79Q8BZTN/submissions/1152921505702086093/listings/1152922700026683311/listingassets/3070377198094750062,https://developer.microsoft.com/en-us/dashboard/apps/9NNR79Q8BZTN/submissions/1152921505702086093/listings/1152922700026683311/listingassets/3070377198094750062,https://developer.microsoft.com/en-us/dashboard/apps/9NNR79Q8BZTN/submissions/1152921505702086093/listings/1152922700026683311/listingassets/3070377198094750062,https://developer.microsoft.com/en-us/dashboard/apps/9NNR79Q8BZTN/submissions/1152921505702086093/listings/1152922700026683311/listingassets/3070377198094750062
DesktopScreenshot7,106,Relative path (or URL to file in Partner Center),,https://developer.microsoft.com/en-us/dashboard/apps/9NNR79Q8BZTN/submissions/1152921505702086093/listings/1152922700026683311/listingassets/3037513940743834568,https://developer.microsoft.com/en-us/dashboard/apps/9NNR79Q8BZTN/submissions/1152921505702086093/listings/1152922700026683311/listingassets/3037513940743834568,https://developer.microsoft.com/en-us/dashboard/apps/9NNR79Q8BZTN/submissions/1152921505702086093/listings/1152922700026683311/listingassets/3037513940743834568,https://developer.microsoft.com/en-us/dashboard/apps/9NNR79Q8BZTN/submissions/1152921505702086093/listings/1152922700026683311/listingassets/3037513940743834568,https://developer.microsoft.com/en-us/dashboard/apps/9NNR79Q8BZTN/submissions/1152921505702086093/listings/1152922700026683311/listingassets/3037513940743834568,https://developer.microsoft.com/en-us/dashboard/apps/9NNR79Q8BZTN/submissions/1152921505702086093/listings/1152922700026683311/listingassets/3037513940743834568,https://developer.microsoft.com/en-us/dashboard/apps/9NNR79Q8BZTN/submissions/1152921505702086093/listings/1152922700026683311/listingassets/3037513940743834568,https://developer.microsoft.com/en-us/dashboard/apps/9NNR79Q8BZTN/submissions/1152921505702086093/listings/1152922700026683311/listingassets/3037513940743834568,https://developer.microsoft.com/en-us/dashboard/apps/9NNR79Q8BZTN/submissions/1152921505702086093/listings/1152922700026683311/listingassets/3037513940743834568,https://developer.microsoft.com/en-us/dashboard/apps/9NNR79Q8BZTN/submissions/1152921505702086093/listings/1152922700026683311/listingassets/3037513940743834568,https://developer.microsoft.com/en-us/dashboard/apps/9NNR79Q8BZTN/submissions/1152921505702086093/listings/1152922700026683311/listingassets/3037513940743834568,https://developer.microsoft.com/en-us/dashboard/apps/9NNR79Q8BZTN/submissions/1152921505702086093/listings/1152922700026683311/listingassets/3037513940743834568,https://developer.microsoft.com/en-us/dashboard/apps/9NNR79Q8BZTN/submissions/1152921505702086093/listings/1152922700026683311/listingassets/3037513940743834568,https://developer.microsoft.com/en-us/dashboard/apps/9NNR79Q8BZTN/submissions/1152921505702086093/listings/1152922700026683311/listingassets/3037513940743834568,https://developer.microsoft.com/en-us/dashboard/apps/9NNR79Q8BZTN/submissions/1152921505702086093/listings/1152922700026683311/listingassets/3037513940743834568,https://developer.microsoft.com/en-us/dashboard/apps/9NNR79Q8BZTN/submissions/1152921505702086093/listings/1152922700026683311/listingassets/3037513940743834568,https://developer.microsoft.com/en-us/dashboard/apps/9NNR79Q8BZTN/submissions/1152921505702086093/listings/1152922700026683311/listingassets/3037513940743834568,https://developer.microsoft.com/en-us/dashboard/apps/9NNR79Q8BZTN/submissions/1152921505702086093/listings/1152922700026683311/listingassets/3037513940743834568
DesktopScreenshot8,107,Relative path (or URL to file in Partner Center),,,,,,,,,,,,,,,,,,,
DesktopScreenshot9,108,Relative path (or URL to file in Partner Center),,,,,,,,,,,,,,,,,,,
DesktopScreenshot10,109,Relative path (or URL to file in Partner Center),,,,,,,,,,,,,,,,,,,
DesktopScreenshot11,110,Relative path (or URL to file in Partner Center),,,,,,,,,,,,,,,,,,,
DesktopScreenshot12,111,Relative path (or URL to file in Partner Center),,,,,,,,,,,,,,,,,,,
DesktopScreenshot13,112,Relative path (or URL to file in Partner Center),,,,,,,,,,,,,,,,,,,
DesktopScreenshot14,113,Relative path (or URL to file in Partner Center),,,,,,,,,,,,,,,,,,,
DesktopScreenshot15,114,Relative path (or URL to file in Partner Center),,,,,,,,,,,,,,,,,,,
DesktopScreenshot16,115,Relative path (or URL to file in Partner Center),,,,,,,,,,,,,,,,,,,
DesktopScreenshot17,116,Relative path (or URL to file in Partner Center),,,,,,,,,,,,,,,,,,,
DesktopScreenshot18,117,Relative path (or URL to file in Partner Center),,,,,,,,,,,,,,,,,,,
DesktopScreenshot19,118,Relative path (or URL to file in Partner Center),,,,,,,,,,,,,,,,,,,
DesktopScreenshot20,119,Relative path (or URL to file in Partner Center),,,,,,,,,,,,,,,,,,,
DesktopScreenshot21,120,Relative path (or URL to file in Partner Center),,,,,,,,,,,,,,,,,,,
DesktopScreenshot22,121,Relative path (or URL to file in Partner Center),,,,,,,,,,,,,,,,,,,
DesktopScreenshot23,122,Relative path (or URL to file in Partner Center),,,,,,,,,,,,,,,,,,,
DesktopScreenshot24,123,Relative path (or URL to file in Partner Center),,,,,,,,,,,,,,,,,,,
DesktopScreenshot25,124,Relative path (or URL to file in Partner Center),,,,,,,,,,,,,,,,,,,
DesktopScreenshot26,125,Relative path (or URL to file in Partner Center),,,,,,,,,,,,,,,,,,,
DesktopScreenshot27,126,Relative path (or URL to file in Partner Center),,,,,,,,,,,,,,,,,,,
DesktopScreenshot28,127,Relative path (or URL to file in Partner Center),,,,,,,,,,,,,,,,,,,
DesktopScreenshot29,128,Relative path (or URL to file in Partner Center),,,,,,,,,,,,,,,,,,,
DesktopScreenshot30,129,Relative path (or URL to file in Partner Center),,,,,,,,,,,,,,,,,,,
DesktopScreenshotCaption1,150,Text,,"Browse trending, popular and top-rated movies and shows",浏览近期热门、广受欢迎和最高评分的电影和剧集,瀏覽近期熱門、廣受歡迎和最高評分的電影與影集,"Blader door trending, populaire en best beoordeelde films en series","Browse trending, popular and top-rated movies and shows","Browse trending, popular and top-rated movies and shows","Browse trending, popular and top-rated movies and shows","Parcourez les films et séries tendance, populaires et les mieux notés","Stöbere in angesagten, beliebten und am besten bewerteten Filmen und Serien","Sfoglia film e programmi TV di tendenza, popolari e più votati",トレンド、人気、高評価の映画や番組を閲覧,"트렌드, 인기, 최고 평점 영화와 TV 프로그램 둘러보기","Navegue por filmes e séries em alta, populares e mais bem avaliados","Explore filmes e séries em tendência, populares e mais bem classificados","Просматривайте трендовые, популярные и лучшие по рейтингу фильмы и сериалы","Explora películas y series en tendencia, populares y mejor calificadas","Explora películas y series en tendencia, populares y mejor valoradas","Bläddra bland filmer och serier som trendar, är populära eller har högst betyg"
DesktopScreenshotCaption2,151,Text,,"See cast and seasons, rate titles and save them to your watchlist",查看演员阵容和各季信息，为作品评分并加入待看清单,查看演員陣容和各季資訊，為作品評分並加入待看清單,"Bekijk cast en seizoenen, beoordeel titels en zet ze op je kijklijst","See cast and seasons, rate titles and save them to your watchlist","See cast and seasons, rate titles and save them to your watchlist","See cast and seasons, rate titles and save them to your watchlist","Découvrez la distribution et les saisons, notez des titres et ajoutez-les à votre liste à voir","Sieh dir Besetzung und Staffeln an, bewerte Titel und speichere sie in deiner Watchlist","Scopri cast e stagioni, valuta i titoli e salvali nella tua watchlist",キャストやシーズンを確認し、作品を評価してウォッチリストに保存,"출연진과 시즌을 확인하고, 작품을 평가하고, 관심 목록에 저장","Veja o elenco e as temporadas, avalie títulos e salve-os na sua lista de interesse","Veja o elenco e as temporadas, classifique títulos e guarde-os na sua lista de visualização","Смотрите актёрский состав и сезоны, ставьте оценки и добавляйте в список просмотра","Consulta el elenco y las temporadas, califica títulos y guárdalos en tu Lista de seguimiento","Consulta el reparto y las temporadas, valora títulos y guárdalos en tu Lista de seguimiento","Se rollista och säsonger, betygsätt titlar och spara dem i din visningslista"
DesktopScreenshotCaption3,152,Text,,Connect network shares and cloud storage,连接网络共享和云存储,連結網路共用和雲端儲存空間,Koppel netwerkshares en cloudopslag,Connect network shares and cloud storage,Connect network shares and cloud storage,Connect network shares and cloud storage,Connectez des partages réseau et un stockage cloud,Verbinde Netzwerkfreigaben und Cloudspeicher,Collega condivisioni di rete e archivi cloud,ネットワーク共有やクラウド ストレージに接続,네트워크 공유 및 클라우드 스토리지 연결,Conecte compartilhamentos de rede e armazenamento em nuvem,Ligue partilhas de rede e armazenamento na nuvem,Подключайте сетевые папки и облачные хранилища,Conecta recursos compartidos de red y almacenamiento en la nube,Conecta recursos compartidos de red y almacenamiento en la nube,Anslut nätverksdelningar och molnlagring
DesktopScreenshotCaption4,153,Text,,Add your own folders and build a private library,添加你自己的文件夹，打造私人媒体库,新增你自己的資料夾，建立私人媒體櫃,Voeg je eigen mappen toe en bouw een privébibliotheek op,Add your own folders and build a private library,Add your own folders and build a private library,Add your own folders and build a private library,Ajoutez vos propres dossiers et créez une bibliothèque privée,Füge eigene Ordner hinzu und baue dir eine private Bibliothek auf,Aggiungi le tue cartelle e crea una libreria privata,自分のフォルダーを追加して、プライベートなライブラリを作成,내 폴더를 추가해 나만의 비공개 라이브러리 만들기,Adicione suas próprias pastas e monte uma biblioteca particular,Adicione as suas próprias pastas e crie uma biblioteca privada,Добавляйте свои папки и собирайте личную библиотеку,Agrega tus propias carpetas y arma una biblioteca privada,Añade tus propias carpetas y crea una biblioteca privada,Lägg till egna mappar och bygg ett privat bibliotek
DesktopScreenshotCaption5,154,Text,,Watch with the built-in player,使用内置播放器观看,使用內建播放器觀看,Kijk met de ingebouwde speler,Watch with the built-in player,Watch with the built-in player,Watch with the built-in player,Regardez avec le lecteur intégré,Schau mit dem integrierten Player,Guarda con il player integrato,内蔵プレーヤーで視聴,내장 플레이어로 감상,Assista no player integrado,Veja no leitor integrado,Смотрите во встроенном плеере,Ve tus videos con el reproductor integrado,Mira tus vídeos con el reproductor integrado,Titta i den inbyggda spelaren
DesktopScreenshotCaption6,155,Text,,"Customize the player, subtitles and picture to suit you",按你的喜好自定义播放器、字幕和画面,依你的喜好自訂播放器、字幕和畫面,"Stem de speler, ondertitels en het beeld af op jouw smaak","Customise the player, subtitles and picture to suit you","Customise the player, subtitles and picture to suit you","Customise the player, subtitles and picture to suit you","Personnalisez le lecteur, les sous-titres et l’image selon vos goûts","Passe Player, Untertitel und Bild ganz nach deinem Geschmack an","Personalizza player, sottotitoli e immagine come preferisci",プレーヤー、字幕、画質をお好みに合わせてカスタマイズ,"플레이어, 자막, 화면을 취향에 맞게 설정","Personalize o player, as legendas e a imagem do seu jeito","Personalize o leitor, as legendas e a imagem à sua medida","Настраивайте плеер, субтитры и изображение под себя","Personaliza el reproductor, los subtítulos y la imagen como más te guste","Personaliza el reproductor, los subtítulos y la imagen a tu gusto","Anpassa spelaren, undertexterna och bilden efter dig"
DesktopScreenshotCaption7,156,Text,,"Search by title or person, or filter by release date",按片名或人物搜索，或按发行日期筛选,依片名或人物搜尋，或依發行日期篩選,"Zoek op titel of persoon, of filter op releasedatum","Search by title or person, or filter by release date","Search by title or person, or filter by release date","Search by title or person, or filter by release date","Recherchez par titre ou par personne, ou filtrez par date de sortie",Suche nach Titel oder Person oder filtere nach Veröffentlichungsdatum,"Cerca per titolo o persona, oppure filtra per data di uscita",タイトルや人物で検索、公開日で絞り込み,제목이나 인물로 검색하거나 개봉일로 필터링,"Busque por título ou pessoa, ou filtre por data de lançamento","Pesquise por título ou pessoa, ou filtre por data de lançamento",Ищите по названию или персоне либо фильтруйте по дате выхода,"Busca por título o por persona, o filtra por fecha de lanzamiento","Busca por título o por persona, o filtra por fecha de estreno","Sök efter titel eller person, eller filtrera efter premiärdatum"
DesktopScreenshotCaption8,157,Text,,,,,,,,,,,,,,,,,,,
DesktopScreenshotCaption9,158,Text,,,,,,,,,,,,,,,,,,,
DesktopScreenshotCaption10,159,Text,,,,,,,,,,,,,,,,,,,
DesktopScreenshotCaption11,160,Text,,,,,,,,,,,,,,,,,,,
DesktopScreenshotCaption12,161,Text,,,,,,,,,,,,,,,,,,,
DesktopScreenshotCaption13,162,Text,,,,,,,,,,,,,,,,,,,
DesktopScreenshotCaption14,163,Text,,,,,,,,,,,,,,,,,,,
DesktopScreenshotCaption15,164,Text,,,,,,,,,,,,,,,,,,,
DesktopScreenshotCaption16,165,Text,,,,,,,,,,,,,,,,,,,
DesktopScreenshotCaption17,166,Text,,,,,,,,,,,,,,,,,,,
DesktopScreenshotCaption18,167,Text,,,,,,,,,,,,,,,,,,,
DesktopScreenshotCaption19,168,Text,,,,,,,,,,,,,,,,,,,
DesktopScreenshotCaption20,169,Text,,,,,,,,,,,,,,,,,,,
DesktopScreenshotCaption21,170,Text,,,,,,,,,,,,,,,,,,,
DesktopScreenshotCaption22,171,Text,,,,,,,,,,,,,,,,,,,
DesktopScreenshotCaption23,172,Text,,,,,,,,,,,,,,,,,,,
DesktopScreenshotCaption24,173,Text,,,,,,,,,,,,,,,,,,,
DesktopScreenshotCaption25,174,Text,,,,,,,,,,,,,,,,,,,
DesktopScreenshotCaption26,175,Text,,,,,,,,,,,,,,,,,,,
DesktopScreenshotCaption27,176,Text,,,,,,,,,,,,,,,,,,,
DesktopScreenshotCaption28,177,Text,,,,,,,,,,,,,,,,,,,
DesktopScreenshotCaption29,178,Text,,,,,,,,,,,,,,,,,,,
DesktopScreenshotCaption30,179,Text,,,,,,,,,,,,,,,,,,,
MobileScreenshot1,200,Relative path (or URL to file in Partner Center),,,,,,,,,,,,,,,,,,,
MobileScreenshot2,201,Relative path (or URL to file in Partner Center),,,,,,,,,,,,,,,,,,,
MobileScreenshot3,202,Relative path (or URL to file in Partner Center),,,,,,,,,,,,,,,,,,,
MobileScreenshot4,203,Relative path (or URL to file in Partner Center),,,,,,,,,,,,,,,,,,,
MobileScreenshot5,204,Relative path (or URL to file in Partner Center),,,,,,,,,,,,,,,,,,,
MobileScreenshot6,205,Relative path (or URL to file in Partner Center),,,,,,,,,,,,,,,,,,,
MobileScreenshot7,206,Relative path (or URL to file in Partner Center),,,,,,,,,,,,,,,,,,,
MobileScreenshot8,207,Relative path (or URL to file in Partner Center),,,,,,,,,,,,,,,,,,,
MobileScreenshot9,208,Relative path (or URL to file in Partner Center),,,,,,,,,,,,,,,,,,,
MobileScreenshot10,209,Relative path (or URL to file in Partner Center),,,,,,,,,,,,,,,,,,,
MobileScreenshot11,210,Relative path (or URL to file in Partner Center),,,,,,,,,,,,,,,,,,,
MobileScreenshot12,211,Relative path (or URL to file in Partner Center),,,,,,,,,,,,,,,,,,,
MobileScreenshot13,212,Relative path (or URL to file in Partner Center),,,,,,,,,,,,,,,,,,,
MobileScreenshot14,213,Relative path (or URL to file in Partner Center),,,,,,,,,,,,,,,,,,,
MobileScreenshot15,214,Relative path (or URL to file in Partner Center),,,,,,,,,,,,,,,,,,,
MobileScreenshot16,215,Relative path (or URL to file in Partner Center),,,,,,,,,,,,,,,,,,,
MobileScreenshot17,216,Relative path (or URL to file in Partner Center),,,,,,,,,,,,,,,,,,,
MobileScreenshot18,217,Relative path (or URL to file in Partner Center),,,,,,,,,,,,,,,,,,,
MobileScreenshot19,218,Relative path (or URL to file in Partner Center),,,,,,,,,,,,,,,,,,,
MobileScreenshot20,219,Relative path (or URL to file in Partner Center),,,,,,,,,,,,,,,,,,,
MobileScreenshot21,220,Relative path (or URL to file in Partner Center),,,,,,,,,,,,,,,,,,,
MobileScreenshot22,221,Relative path (or URL to file in Partner Center),,,,,,,,,,,,,,,,,,,
MobileScreenshot23,222,Relative path (or URL to file in Partner Center),,,,,,,,,,,,,,,,,,,
MobileScreenshot24,223,Relative path (or URL to file in Partner Center),,,,,,,,,,,,,,,,,,,
MobileScreenshot25,224,Relative path (or URL to file in Partner Center),,,,,,,,,,,,,,,,,,,
MobileScreenshot26,225,Relative path (or URL to file in Partner Center),,,,,,,,,,,,,,,,,,,
MobileScreenshot27,226,Relative path (or URL to file in Partner Center),,,,,,,,,,,,,,,,,,,
MobileScreenshot28,227,Relative path (or URL to file in Partner Center),,,,,,,,,,,,,,,,,,,
MobileScreenshot29,228,Relative path (or URL to file in Partner Center),,,,,,,,,,,,,,,,,,,
MobileScreenshot30,229,Relative path (or URL to file in Partner Center),,,,,,,,,,,,,,,,,,,
MobileScreenshotCaption1,250,Text,,,,,,,,,,,,,,,,,,,
MobileScreenshotCaption2,251,Text,,,,,,,,,,,,,,,,,,,
MobileScreenshotCaption3,252,Text,,,,,,,,,,,,,,,,,,,
MobileScreenshotCaption4,253,Text,,,,,,,,,,,,,,,,,,,
MobileScreenshotCaption5,254,Text,,,,,,,,,,,,,,,,,,,
MobileScreenshotCaption6,255,Text,,,,,,,,,,,,,,,,,,,
MobileScreenshotCaption7,256,Text,,,,,,,,,,,,,,,,,,,
MobileScreenshotCaption8,257,Text,,,,,,,,,,,,,,,,,,,
MobileScreenshotCaption9,258,Text,,,,,,,,,,,,,,,,,,,
MobileScreenshotCaption10,259,Text,,,,,,,,,,,,,,,,,,,
MobileScreenshotCaption11,260,Text,,,,,,,,,,,,,,,,,,,
MobileScreenshotCaption12,261,Text,,,,,,,,,,,,,,,,,,,
MobileScreenshotCaption13,262,Text,,,,,,,,,,,,,,,,,,,
MobileScreenshotCaption14,263,Text,,,,,,,,,,,,,,,,,,,
MobileScreenshotCaption15,264,Text,,,,,,,,,,,,,,,,,,,
MobileScreenshotCaption16,265,Text,,,,,,,,,,,,,,,,,,,
MobileScreenshotCaption17,266,Text,,,,,,,,,,,,,,,,,,,
MobileScreenshotCaption18,267,Text,,,,,,,,,,,,,,,,,,,
MobileScreenshotCaption19,268,Text,,,,,,,,,,,,,,,,,,,
MobileScreenshotCaption20,269,Text,,,,,,,,,,,,,,,,,,,
MobileScreenshotCaption21,270,Text,,,,,,,,,,,,,,,,,,,
MobileScreenshotCaption22,271,Text,,,,,,,,,,,,,,,,,,,
MobileScreenshotCaption23,272,Text,,,,,,,,,,,,,,,,,,,
MobileScreenshotCaption24,273,Text,,,,,,,,,,,,,,,,,,,
MobileScreenshotCaption25,274,Text,,,,,,,,,,,,,,,,,,,
MobileScreenshotCaption26,275,Text,,,,,,,,,,,,,,,,,,,
MobileScreenshotCaption27,276,Text,,,,,,,,,,,,,,,,,,,
MobileScreenshotCaption28,277,Text,,,,,,,,,,,,,,,,,,,
MobileScreenshotCaption29,278,Text,,,,,,,,,,,,,,,,,,,
MobileScreenshotCaption30,279,Text,,,,,,,,,,,,,,,,,,,
XboxScreenshot1,300,Relative path (or URL to file in Partner Center),,,,,,,,,,,,,,,,,,,
XboxScreenshot2,301,Relative path (or URL to file in Partner Center),,,,,,,,,,,,,,,,,,,
XboxScreenshot3,302,Relative path (or URL to file in Partner Center),,,,,,,,,,,,,,,,,,,
XboxScreenshot4,303,Relative path (or URL to file in Partner Center),,,,,,,,,,,,,,,,,,,
XboxScreenshot5,304,Relative path (or URL to file in Partner Center),,,,,,,,,,,,,,,,,,,
XboxScreenshot6,305,Relative path (or URL to file in Partner Center),,,,,,,,,,,,,,,,,,,
XboxScreenshot7,306,Relative path (or URL to file in Partner Center),,,,,,,,,,,,,,,,,,,
XboxScreenshot8,307,Relative path (or URL to file in Partner Center),,,,,,,,,,,,,,,,,,,
XboxScreenshot9,308,Relative path (or URL to file in Partner Center),,,,,,,,,,,,,,,,,,,
XboxScreenshot10,309,Relative path (or URL to file in Partner Center),,,,,,,,,,,,,,,,,,,
XboxScreenshot11,310,Relative path (or URL to file in Partner Center),,,,,,,,,,,,,,,,,,,
XboxScreenshot12,311,Relative path (or URL to file in Partner Center),,,,,,,,,,,,,,,,,,,
XboxScreenshot13,312,Relative path (or URL to file in Partner Center),,,,,,,,,,,,,,,,,,,
XboxScreenshot14,313,Relative path (or URL to file in Partner Center),,,,,,,,,,,,,,,,,,,
XboxScreenshot15,314,Relative path (or URL to file in Partner Center),,,,,,,,,,,,,,,,,,,
XboxScreenshot16,315,Relative path (or URL to file in Partner Center),,,,,,,,,,,,,,,,,,,
XboxScreenshot17,316,Relative path (or URL to file in Partner Center),,,,,,,,,,,,,,,,,,,
XboxScreenshot18,317,Relative path (or URL to file in Partner Center),,,,,,,,,,,,,,,,,,,
XboxScreenshot19,318,Relative path (or URL to file in Partner Center),,,,,,,,,,,,,,,,,,,
XboxScreenshot20,319,Relative path (or URL to file in Partner Center),,,,,,,,,,,,,,,,,,,
XboxScreenshot21,320,Relative path (or URL to file in Partner Center),,,,,,,,,,,,,,,,,,,
XboxScreenshot22,321,Relative path (or URL to file in Partner Center),,,,,,,,,,,,,,,,,,,
XboxScreenshot23,322,Relative path (or URL to file in Partner Center),,,,,,,,,,,,,,,,,,,
XboxScreenshot24,323,Relative path (or URL to file in Partner Center),,,,,,,,,,,,,,,,,,,
XboxScreenshot25,324,Relative path (or URL to file in Partner Center),,,,,,,,,,,,,,,,,,,
XboxScreenshot26,325,Relative path (or URL to file in Partner Center),,,,,,,,,,,,,,,,,,,
XboxScreenshot27,326,Relative path (or URL to file in Partner Center),,,,,,,,,,,,,,,,,,,
XboxScreenshot28,327,Relative path (or URL to file in Partner Center),,,,,,,,,,,,,,,,,,,
XboxScreenshot29,328,Relative path (or URL to file in Partner Center),,,,,,,,,,,,,,,,,,,
XboxScreenshot30,329,Relative path (or URL to file in Partner Center),,,,,,,,,,,,,,,,,,,
XboxScreenshotCaption1,350,Text,,,,,,,,,,,,,,,,,,,
XboxScreenshotCaption2,351,Text,,,,,,,,,,,,,,,,,,,
XboxScreenshotCaption3,352,Text,,,,,,,,,,,,,,,,,,,
XboxScreenshotCaption4,353,Text,,,,,,,,,,,,,,,,,,,
XboxScreenshotCaption5,354,Text,,,,,,,,,,,,,,,,,,,
XboxScreenshotCaption6,355,Text,,,,,,,,,,,,,,,,,,,
XboxScreenshotCaption7,356,Text,,,,,,,,,,,,,,,,,,,
XboxScreenshotCaption8,357,Text,,,,,,,,,,,,,,,,,,,
XboxScreenshotCaption9,358,Text,,,,,,,,,,,,,,,,,,,
XboxScreenshotCaption10,359,Text,,,,,,,,,,,,,,,,,,,
XboxScreenshotCaption11,360,Text,,,,,,,,,,,,,,,,,,,
XboxScreenshotCaption12,361,Text,,,,,,,,,,,,,,,,,,,
XboxScreenshotCaption13,362,Text,,,,,,,,,,,,,,,,,,,
XboxScreenshotCaption14,363,Text,,,,,,,,,,,,,,,,,,,
XboxScreenshotCaption15,364,Text,,,,,,,,,,,,,,,,,,,
XboxScreenshotCaption16,365,Text,,,,,,,,,,,,,,,,,,,
XboxScreenshotCaption17,366,Text,,,,,,,,,,,,,,,,,,,
XboxScreenshotCaption18,367,Text,,,,,,,,,,,,,,,,,,,
XboxScreenshotCaption19,368,Text,,,,,,,,,,,,,,,,,,,
XboxScreenshotCaption20,369,Text,,,,,,,,,,,,,,,,,,,
XboxScreenshotCaption21,370,Text,,,,,,,,,,,,,,,,,,,
XboxScreenshotCaption22,371,Text,,,,,,,,,,,,,,,,,,,
XboxScreenshotCaption23,372,Text,,,,,,,,,,,,,,,,,,,
XboxScreenshotCaption24,373,Text,,,,,,,,,,,,,,,,,,,
XboxScreenshotCaption25,374,Text,,,,,,,,,,,,,,,,,,,
XboxScreenshotCaption26,375,Text,,,,,,,,,,,,,,,,,,,
XboxScreenshotCaption27,376,Text,,,,,,,,,,,,,,,,,,,
XboxScreenshotCaption28,377,Text,,,,,,,,,,,,,,,,,,,
XboxScreenshotCaption29,378,Text,,,,,,,,,,,,,,,,,,,
XboxScreenshotCaption30,379,Text,,,,,,,,,,,,,,,,,,,
HolographicScreenshot1,400,Relative path (or URL to file in Partner Center),,,,,,,,,,,,,,,,,,,
HolographicScreenshot2,401,Relative path (or URL to file in Partner Center),,,,,,,,,,,,,,,,,,,
HolographicScreenshot3,402,Relative path (or URL to file in Partner Center),,,,,,,,,,,,,,,,,,,
HolographicScreenshot4,403,Relative path (or URL to file in Partner Center),,,,,,,,,,,,,,,,,,,
HolographicScreenshot5,404,Relative path (or URL to file in Partner Center),,,,,,,,,,,,,,,,,,,
HolographicScreenshot6,405,Relative path (or URL to file in Partner Center),,,,,,,,,,,,,,,,,,,
HolographicScreenshot7,406,Relative path (or URL to file in Partner Center),,,,,,,,,,,,,,,,,,,
HolographicScreenshot8,407,Relative path (or URL to file in Partner Center),,,,,,,,,,,,,,,,,,,
HolographicScreenshot9,408,Relative path (or URL to file in Partner Center),,,,,,,,,,,,,,,,,,,
HolographicScreenshot10,409,Relative path (or URL to file in Partner Center),,,,,,,,,,,,,,,,,,,
HolographicScreenshot11,410,Relative path (or URL to file in Partner Center),,,,,,,,,,,,,,,,,,,
HolographicScreenshot12,411,Relative path (or URL to file in Partner Center),,,,,,,,,,,,,,,,,,,
HolographicScreenshot13,412,Relative path (or URL to file in Partner Center),,,,,,,,,,,,,,,,,,,
HolographicScreenshot14,413,Relative path (or URL to file in Partner Center),,,,,,,,,,,,,,,,,,,
HolographicScreenshot15,414,Relative path (or URL to file in Partner Center),,,,,,,,,,,,,,,,,,,
HolographicScreenshot16,415,Relative path (or URL to file in Partner Center),,,,,,,,,,,,,,,,,,,
HolographicScreenshot17,416,Relative path (or URL to file in Partner Center),,,,,,,,,,,,,,,,,,,
HolographicScreenshot18,417,Relative path (or URL to file in Partner Center),,,,,,,,,,,,,,,,,,,
HolographicScreenshot19,418,Relative path (or URL to file in Partner Center),,,,,,,,,,,,,,,,,,,
HolographicScreenshot20,419,Relative path (or URL to file in Partner Center),,,,,,,,,,,,,,,,,,,
HolographicScreenshot21,420,Relative path (or URL to file in Partner Center),,,,,,,,,,,,,,,,,,,
HolographicScreenshot22,421,Relative path (or URL to file in Partner Center),,,,,,,,,,,,,,,,,,,
HolographicScreenshot23,422,Relative path (or URL to file in Partner Center),,,,,,,,,,,,,,,,,,,
HolographicScreenshot24,423,Relative path (or URL to file in Partner Center),,,,,,,,,,,,,,,,,,,
HolographicScreenshot25,424,Relative path (or URL to file in Partner Center),,,,,,,,,,,,,,,,,,,
HolographicScreenshot26,425,Relative path (or URL to file in Partner Center),,,,,,,,,,,,,,,,,,,
HolographicScreenshot27,426,Relative path (or URL to file in Partner Center),,,,,,,,,,,,,,,,,,,
HolographicScreenshot28,427,Relative path (or URL to file in Partner Center),,,,,,,,,,,,,,,,,,,
HolographicScreenshot29,428,Relative path (or URL to file in Partner Center),,,,,,,,,,,,,,,,,,,
HolographicScreenshot30,429,Relative path (or URL to file in Partner Center),,,,,,,,,,,,,,,,,,,
HolographicScreenshotCaption1,450,Text,,,,,,,,,,,,,,,,,,,
HolographicScreenshotCaption2,451,Text,,,,,,,,,,,,,,,,,,,
HolographicScreenshotCaption3,452,Text,,,,,,,,,,,,,,,,,,,
HolographicScreenshotCaption4,453,Text,,,,,,,,,,,,,,,,,,,
HolographicScreenshotCaption5,454,Text,,,,,,,,,,,,,,,,,,,
HolographicScreenshotCaption6,455,Text,,,,,,,,,,,,,,,,,,,
HolographicScreenshotCaption7,456,Text,,,,,,,,,,,,,,,,,,,
HolographicScreenshotCaption8,457,Text,,,,,,,,,,,,,,,,,,,
HolographicScreenshotCaption9,458,Text,,,,,,,,,,,,,,,,,,,
HolographicScreenshotCaption10,459,Text,,,,,,,,,,,,,,,,,,,
HolographicScreenshotCaption11,460,Text,,,,,,,,,,,,,,,,,,,
HolographicScreenshotCaption12,461,Text,,,,,,,,,,,,,,,,,,,
HolographicScreenshotCaption13,462,Text,,,,,,,,,,,,,,,,,,,
HolographicScreenshotCaption14,463,Text,,,,,,,,,,,,,,,,,,,
HolographicScreenshotCaption15,464,Text,,,,,,,,,,,,,,,,,,,
HolographicScreenshotCaption16,465,Text,,,,,,,,,,,,,,,,,,,
HolographicScreenshotCaption17,466,Text,,,,,,,,,,,,,,,,,,,
HolographicScreenshotCaption18,467,Text,,,,,,,,,,,,,,,,,,,
HolographicScreenshotCaption19,468,Text,,,,,,,,,,,,,,,,,,,
HolographicScreenshotCaption20,469,Text,,,,,,,,,,,,,,,,,,,
HolographicScreenshotCaption21,470,Text,,,,,,,,,,,,,,,,,,,
HolographicScreenshotCaption22,471,Text,,,,,,,,,,,,,,,,,,,
HolographicScreenshotCaption23,472,Text,,,,,,,,,,,,,,,,,,,
HolographicScreenshotCaption24,473,Text,,,,,,,,,,,,,,,,,,,
HolographicScreenshotCaption25,474,Text,,,,,,,,,,,,,,,,,,,
HolographicScreenshotCaption26,475,Text,,,,,,,,,,,,,,,,,,,
HolographicScreenshotCaption27,476,Text,,,,,,,,,,,,,,,,,,,
HolographicScreenshotCaption28,477,Text,,,,,,,,,,,,,,,,,,,
HolographicScreenshotCaption29,478,Text,,,,,,,,,,,,,,,,,,,
HolographicScreenshotCaption30,479,Text,,,,,,,,,,,,,,,,,,,
SurfaceHubScreenshot11,510,Relative path (or URL to file in Partner Center),,,,,,,,,,,,,,,,,,,
SurfaceHubScreenshot12,511,Relative path (or URL to file in Partner Center),,,,,,,,,,,,,,,,,,,
SurfaceHubScreenshot13,512,Relative path (or URL to file in Partner Center),,,,,,,,,,,,,,,,,,,
SurfaceHubScreenshot14,513,Relative path (or URL to file in Partner Center),,,,,,,,,,,,,,,,,,,
SurfaceHubScreenshot15,514,Relative path (or URL to file in Partner Center),,,,,,,,,,,,,,,,,,,
SurfaceHubScreenshot16,515,Relative path (or URL to file in Partner Center),,,,,,,,,,,,,,,,,,,
SurfaceHubScreenshot17,516,Relative path (or URL to file in Partner Center),,,,,,,,,,,,,,,,,,,
SurfaceHubScreenshot18,517,Relative path (or URL to file in Partner Center),,,,,,,,,,,,,,,,,,,
SurfaceHubScreenshot19,518,Relative path (or URL to file in Partner Center),,,,,,,,,,,,,,,,,,,
SurfaceHubScreenshot20,519,Relative path (or URL to file in Partner Center),,,,,,,,,,,,,,,,,,,
SurfaceHubScreenshot21,520,Relative path (or URL to file in Partner Center),,,,,,,,,,,,,,,,,,,
SurfaceHubScreenshot22,521,Relative path (or URL to file in Partner Center),,,,,,,,,,,,,,,,,,,
SurfaceHubScreenshot23,522,Relative path (or URL to file in Partner Center),,,,,,,,,,,,,,,,,,,
SurfaceHubScreenshot24,523,Relative path (or URL to file in Partner Center),,,,,,,,,,,,,,,,,,,
SurfaceHubScreenshot25,524,Relative path (or URL to file in Partner Center),,,,,,,,,,,,,,,,,,,
SurfaceHubScreenshot26,525,Relative path (or URL to file in Partner Center),,,,,,,,,,,,,,,,,,,
SurfaceHubScreenshot27,526,Relative path (or URL to file in Partner Center),,,,,,,,,,,,,,,,,,,
SurfaceHubScreenshot28,527,Relative path (or URL to file in Partner Center),,,,,,,,,,,,,,,,,,,
SurfaceHubScreenshot29,528,Relative path (or URL to file in Partner Center),,,,,,,,,,,,,,,,,,,
SurfaceHubScreenshot30,529,Relative path (or URL to file in Partner Center),,,,,,,,,,,,,,,,,,,
SurfaceHubScreenshotCaption11,560,Text,,,,,,,,,,,,,,,,,,,
SurfaceHubScreenshotCaption12,561,Text,,,,,,,,,,,,,,,,,,,
SurfaceHubScreenshotCaption13,562,Text,,,,,,,,,,,,,,,,,,,
SurfaceHubScreenshotCaption14,563,Text,,,,,,,,,,,,,,,,,,,
SurfaceHubScreenshotCaption15,564,Text,,,,,,,,,,,,,,,,,,,
SurfaceHubScreenshotCaption16,565,Text,,,,,,,,,,,,,,,,,,,
SurfaceHubScreenshotCaption17,566,Text,,,,,,,,,,,,,,,,,,,
SurfaceHubScreenshotCaption18,567,Text,,,,,,,,,,,,,,,,,,,
SurfaceHubScreenshotCaption19,568,Text,,,,,,,,,,,,,,,,,,,
SurfaceHubScreenshotCaption20,569,Text,,,,,,,,,,,,,,,,,,,
SurfaceHubScreenshotCaption21,570,Text,,,,,,,,,,,,,,,,,,,
SurfaceHubScreenshotCaption22,571,Text,,,,,,,,,,,,,,,,,,,
SurfaceHubScreenshotCaption23,572,Text,,,,,,,,,,,,,,,,,,,
SurfaceHubScreenshotCaption24,573,Text,,,,,,,,,,,,,,,,,,,
SurfaceHubScreenshotCaption25,574,Text,,,,,,,,,,,,,,,,,,,
SurfaceHubScreenshotCaption26,575,Text,,,,,,,,,,,,,,,,,,,
SurfaceHubScreenshotCaption27,576,Text,,,,,,,,,,,,,,,,,,,
SurfaceHubScreenshotCaption28,577,Text,,,,,,,,,,,,,,,,,,,
SurfaceHubScreenshotCaption29,578,Text,,,,,,,,,,,,,,,,,,,
SurfaceHubScreenshotCaption30,579,Text,,,,,,,,,,,,,,,,,,,
StoreLogo720x1080,600,Relative path (or URL to file in Partner Center),,https://developer.microsoft.com/en-us/dashboard/apps/9NNR79Q8BZTN/submissions/1152921505702086093/listings/1152922700026683311/listingassets/3004124550398003627,https://developer.microsoft.com/en-us/dashboard/apps/9NNR79Q8BZTN/submissions/1152921505702086093/listings/1152922700026683311/listingassets/3004124550398003627,https://developer.microsoft.com/en-us/dashboard/apps/9NNR79Q8BZTN/submissions/1152921505702086093/listings/1152922700026683311/listingassets/3004124550398003627,https://developer.microsoft.com/en-us/dashboard/apps/9NNR79Q8BZTN/submissions/1152921505702086093/listings/1152922700026683311/listingassets/3004124550398003627,https://developer.microsoft.com/en-us/dashboard/apps/9NNR79Q8BZTN/submissions/1152921505702086093/listings/1152922700026683311/listingassets/3004124550398003627,https://developer.microsoft.com/en-us/dashboard/apps/9NNR79Q8BZTN/submissions/1152921505702086093/listings/1152922700026683311/listingassets/3004124550398003627,https://developer.microsoft.com/en-us/dashboard/apps/9NNR79Q8BZTN/submissions/1152921505702086093/listings/1152922700026683311/listingassets/3004124550398003627,https://developer.microsoft.com/en-us/dashboard/apps/9NNR79Q8BZTN/submissions/1152921505702086093/listings/1152922700026683311/listingassets/3004124550398003627,https://developer.microsoft.com/en-us/dashboard/apps/9NNR79Q8BZTN/submissions/1152921505702086093/listings/1152922700026683311/listingassets/3004124550398003627,https://developer.microsoft.com/en-us/dashboard/apps/9NNR79Q8BZTN/submissions/1152921505702086093/listings/1152922700026683311/listingassets/3004124550398003627,https://developer.microsoft.com/en-us/dashboard/apps/9NNR79Q8BZTN/submissions/1152921505702086093/listings/1152922700026683311/listingassets/3004124550398003627,https://developer.microsoft.com/en-us/dashboard/apps/9NNR79Q8BZTN/submissions/1152921505702086093/listings/1152922700026683311/listingassets/3004124550398003627,https://developer.microsoft.com/en-us/dashboard/apps/9NNR79Q8BZTN/submissions/1152921505702086093/listings/1152922700026683311/listingassets/3004124550398003627,https://developer.microsoft.com/en-us/dashboard/apps/9NNR79Q8BZTN/submissions/1152921505702086093/listings/1152922700026683311/listingassets/3004124550398003627,https://developer.microsoft.com/en-us/dashboard/apps/9NNR79Q8BZTN/submissions/1152921505702086093/listings/1152922700026683311/listingassets/3004124550398003627,https://developer.microsoft.com/en-us/dashboard/apps/9NNR79Q8BZTN/submissions/1152921505702086093/listings/1152922700026683311/listingassets/3004124550398003627,https://developer.microsoft.com/en-us/dashboard/apps/9NNR79Q8BZTN/submissions/1152921505702086093/listings/1152922700026683311/listingassets/3004124550398003627,https://developer.microsoft.com/en-us/dashboard/apps/9NNR79Q8BZTN/submissions/1152921505702086093/listings/1152922700026683311/listingassets/3004124550398003627
StoreLogo1080x1080,601,Relative path (or URL to file in Partner Center),,https://developer.microsoft.com/en-us/dashboard/apps/9NNR79Q8BZTN/submissions/1152921505702086093/listings/1152922700026683311/listingassets/3030851643442094526,https://developer.microsoft.com/en-us/dashboard/apps/9NNR79Q8BZTN/submissions/1152921505702086093/listings/1152922700026683311/listingassets/3030851643442094526,https://developer.microsoft.com/en-us/dashboard/apps/9NNR79Q8BZTN/submissions/1152921505702086093/listings/1152922700026683311/listingassets/3030851643442094526,https://developer.microsoft.com/en-us/dashboard/apps/9NNR79Q8BZTN/submissions/1152921505702086093/listings/1152922700026683311/listingassets/3030851643442094526,https://developer.microsoft.com/en-us/dashboard/apps/9NNR79Q8BZTN/submissions/1152921505702086093/listings/1152922700026683311/listingassets/3030851643442094526,https://developer.microsoft.com/en-us/dashboard/apps/9NNR79Q8BZTN/submissions/1152921505702086093/listings/1152922700026683311/listingassets/3030851643442094526,https://developer.microsoft.com/en-us/dashboard/apps/9NNR79Q8BZTN/submissions/1152921505702086093/listings/1152922700026683311/listingassets/3030851643442094526,https://developer.microsoft.com/en-us/dashboard/apps/9NNR79Q8BZTN/submissions/1152921505702086093/listings/1152922700026683311/listingassets/3030851643442094526,https://developer.microsoft.com/en-us/dashboard/apps/9NNR79Q8BZTN/submissions/1152921505702086093/listings/1152922700026683311/listingassets/3030851643442094526,https://developer.microsoft.com/en-us/dashboard/apps/9NNR79Q8BZTN/submissions/1152921505702086093/listings/1152922700026683311/listingassets/3030851643442094526,https://developer.microsoft.com/en-us/dashboard/apps/9NNR79Q8BZTN/submissions/1152921505702086093/listings/1152922700026683311/listingassets/3030851643442094526,https://developer.microsoft.com/en-us/dashboard/apps/9NNR79Q8BZTN/submissions/1152921505702086093/listings/1152922700026683311/listingassets/3030851643442094526,https://developer.microsoft.com/en-us/dashboard/apps/9NNR79Q8BZTN/submissions/1152921505702086093/listings/1152922700026683311/listingassets/3030851643442094526,https://developer.microsoft.com/en-us/dashboard/apps/9NNR79Q8BZTN/submissions/1152921505702086093/listings/1152922700026683311/listingassets/3030851643442094526,https://developer.microsoft.com/en-us/dashboard/apps/9NNR79Q8BZTN/submissions/1152921505702086093/listings/1152922700026683311/listingassets/3030851643442094526,https://developer.microsoft.com/en-us/dashboard/apps/9NNR79Q8BZTN/submissions/1152921505702086093/listings/1152922700026683311/listingassets/3030851643442094526,https://developer.microsoft.com/en-us/dashboard/apps/9NNR79Q8BZTN/submissions/1152921505702086093/listings/1152922700026683311/listingassets/3030851643442094526,https://developer.microsoft.com/en-us/dashboard/apps/9NNR79Q8BZTN/submissions/1152921505702086093/listings/1152922700026683311/listingassets/3030851643442094526
StoreLogo300x300,602,Relative path (or URL to file in Partner Center),,https://developer.microsoft.com/en-us/dashboard/apps/9NNR79Q8BZTN/submissions/1152921505702086093/listings/1152922700026683311/listingassets/3064011816089875016,https://developer.microsoft.com/en-us/dashboard/apps/9NNR79Q8BZTN/submissions/1152921505702086093/listings/1152922700026683311/listingassets/3064011816089875016,https://developer.microsoft.com/en-us/dashboard/apps/9NNR79Q8BZTN/submissions/1152921505702086093/listings/1152922700026683311/listingassets/3064011816089875016,https://developer.microsoft.com/en-us/dashboard/apps/9NNR79Q8BZTN/submissions/1152921505702086093/listings/1152922700026683311/listingassets/3064011816089875016,https://developer.microsoft.com/en-us/dashboard/apps/9NNR79Q8BZTN/submissions/1152921505702086093/listings/1152922700026683311/listingassets/3064011816089875016,https://developer.microsoft.com/en-us/dashboard/apps/9NNR79Q8BZTN/submissions/1152921505702086093/listings/1152922700026683311/listingassets/3064011816089875016,https://developer.microsoft.com/en-us/dashboard/apps/9NNR79Q8BZTN/submissions/1152921505702086093/listings/1152922700026683311/listingassets/3064011816089875016,https://developer.microsoft.com/en-us/dashboard/apps/9NNR79Q8BZTN/submissions/1152921505702086093/listings/1152922700026683311/listingassets/3064011816089875016,https://developer.microsoft.com/en-us/dashboard/apps/9NNR79Q8BZTN/submissions/1152921505702086093/listings/1152922700026683311/listingassets/3064011816089875016,https://developer.microsoft.com/en-us/dashboard/apps/9NNR79Q8BZTN/submissions/1152921505702086093/listings/1152922700026683311/listingassets/3064011816089875016,https://developer.microsoft.com/en-us/dashboard/apps/9NNR79Q8BZTN/submissions/1152921505702086093/listings/1152922700026683311/listingassets/3064011816089875016,https://developer.microsoft.com/en-us/dashboard/apps/9NNR79Q8BZTN/submissions/1152921505702086093/listings/1152922700026683311/listingassets/3064011816089875016,https://developer.microsoft.com/en-us/dashboard/apps/9NNR79Q8BZTN/submissions/1152921505702086093/listings/1152922700026683311/listingassets/3064011816089875016,https://developer.microsoft.com/en-us/dashboard/apps/9NNR79Q8BZTN/submissions/1152921505702086093/listings/1152922700026683311/listingassets/3064011816089875016,https://developer.microsoft.com/en-us/dashboard/apps/9NNR79Q8BZTN/submissions/1152921505702086093/listings/1152922700026683311/listingassets/3064011816089875016,https://developer.microsoft.com/en-us/dashboard/apps/9NNR79Q8BZTN/submissions/1152921505702086093/listings/1152922700026683311/listingassets/3064011816089875016,https://developer.microsoft.com/en-us/dashboard/apps/9NNR79Q8BZTN/submissions/1152921505702086093/listings/1152922700026683311/listingassets/3064011816089875016,https://developer.microsoft.com/en-us/dashboard/apps/9NNR79Q8BZTN/submissions/1152921505702086093/listings/1152922700026683311/listingassets/3064011816089875016
OverrideLogosForWin10,603,True/False,,True,True,True,True,True,True,True,True,True,True,True,True,True,True,True,True,True,True
StoreLogoOverride150x150,604,Relative path (or URL to file in Partner Center),,https://developer.microsoft.com/en-us/dashboard/apps/9NNR79Q8BZTN/submissions/1152921505702086093/listings/1152922700026683311/listingassets/3014811196756873910,https://developer.microsoft.com/en-us/dashboard/apps/9NNR79Q8BZTN/submissions/1152921505702086093/listings/1152922700026683311/listingassets/3014811196756873910,https://developer.microsoft.com/en-us/dashboard/apps/9NNR79Q8BZTN/submissions/1152921505702086093/listings/1152922700026683311/listingassets/3014811196756873910,https://developer.microsoft.com/en-us/dashboard/apps/9NNR79Q8BZTN/submissions/1152921505702086093/listings/1152922700026683311/listingassets/3014811196756873910,https://developer.microsoft.com/en-us/dashboard/apps/9NNR79Q8BZTN/submissions/1152921505702086093/listings/1152922700026683311/listingassets/3014811196756873910,https://developer.microsoft.com/en-us/dashboard/apps/9NNR79Q8BZTN/submissions/1152921505702086093/listings/1152922700026683311/listingassets/3014811196756873910,https://developer.microsoft.com/en-us/dashboard/apps/9NNR79Q8BZTN/submissions/1152921505702086093/listings/1152922700026683311/listingassets/3014811196756873910,https://developer.microsoft.com/en-us/dashboard/apps/9NNR79Q8BZTN/submissions/1152921505702086093/listings/1152922700026683311/listingassets/3014811196756873910,https://developer.microsoft.com/en-us/dashboard/apps/9NNR79Q8BZTN/submissions/1152921505702086093/listings/1152922700026683311/listingassets/3014811196756873910,https://developer.microsoft.com/en-us/dashboard/apps/9NNR79Q8BZTN/submissions/1152921505702086093/listings/1152922700026683311/listingassets/3014811196756873910,https://developer.microsoft.com/en-us/dashboard/apps/9NNR79Q8BZTN/submissions/1152921505702086093/listings/1152922700026683311/listingassets/3014811196756873910,https://developer.microsoft.com/en-us/dashboard/apps/9NNR79Q8BZTN/submissions/1152921505702086093/listings/1152922700026683311/listingassets/3014811196756873910,https://developer.microsoft.com/en-us/dashboard/apps/9NNR79Q8BZTN/submissions/1152921505702086093/listings/1152922700026683311/listingassets/3014811196756873910,https://developer.microsoft.com/en-us/dashboard/apps/9NNR79Q8BZTN/submissions/1152921505702086093/listings/1152922700026683311/listingassets/3014811196756873910,https://developer.microsoft.com/en-us/dashboard/apps/9NNR79Q8BZTN/submissions/1152921505702086093/listings/1152922700026683311/listingassets/3014811196756873910,https://developer.microsoft.com/en-us/dashboard/apps/9NNR79Q8BZTN/submissions/1152921505702086093/listings/1152922700026683311/listingassets/3014811196756873910,https://developer.microsoft.com/en-us/dashboard/apps/9NNR79Q8BZTN/submissions/1152921505702086093/listings/1152922700026683311/listingassets/3014811196756873910,https://developer.microsoft.com/en-us/dashboard/apps/9NNR79Q8BZTN/submissions/1152921505702086093/listings/1152922700026683311/listingassets/3014811196756873910
StoreLogoOverride71x71,605,Relative path (or URL to file in Partner Center),,https://developer.microsoft.com/en-us/dashboard/apps/9NNR79Q8BZTN/submissions/1152921505702086093/listings/1152922700026683311/listingassets/3021414810255440944,https://developer.microsoft.com/en-us/dashboard/apps/9NNR79Q8BZTN/submissions/1152921505702086093/listings/1152922700026683311/listingassets/3021414810255440944,https://developer.microsoft.com/en-us/dashboard/apps/9NNR79Q8BZTN/submissions/1152921505702086093/listings/1152922700026683311/listingassets/3021414810255440944,https://developer.microsoft.com/en-us/dashboard/apps/9NNR79Q8BZTN/submissions/1152921505702086093/listings/1152922700026683311/listingassets/3021414810255440944,https://developer.microsoft.com/en-us/dashboard/apps/9NNR79Q8BZTN/submissions/1152921505702086093/listings/1152922700026683311/listingassets/3021414810255440944,https://developer.microsoft.com/en-us/dashboard/apps/9NNR79Q8BZTN/submissions/1152921505702086093/listings/1152922700026683311/listingassets/3021414810255440944,https://developer.microsoft.com/en-us/dashboard/apps/9NNR79Q8BZTN/submissions/1152921505702086093/listings/1152922700026683311/listingassets/3021414810255440944,https://developer.microsoft.com/en-us/dashboard/apps/9NNR79Q8BZTN/submissions/1152921505702086093/listings/1152922700026683311/listingassets/3021414810255440944,https://developer.microsoft.com/en-us/dashboard/apps/9NNR79Q8BZTN/submissions/1152921505702086093/listings/1152922700026683311/listingassets/3021414810255440944,https://developer.microsoft.com/en-us/dashboard/apps/9NNR79Q8BZTN/submissions/1152921505702086093/listings/1152922700026683311/listingassets/3021414810255440944,https://developer.microsoft.com/en-us/dashboard/apps/9NNR79Q8BZTN/submissions/1152921505702086093/listings/1152922700026683311/listingassets/3021414810255440944,https://developer.microsoft.com/en-us/dashboard/apps/9NNR79Q8BZTN/submissions/1152921505702086093/listings/1152922700026683311/listingassets/3021414810255440944,https://developer.microsoft.com/en-us/dashboard/apps/9NNR79Q8BZTN/submissions/1152921505702086093/listings/1152922700026683311/listingassets/3021414810255440944,https://developer.microsoft.com/en-us/dashboard/apps/9NNR79Q8BZTN/submissions/1152921505702086093/listings/1152922700026683311/listingassets/3021414810255440944,https://developer.microsoft.com/en-us/dashboard/apps/9NNR79Q8BZTN/submissions/1152921505702086093/listings/1152922700026683311/listingassets/3021414810255440944,https://developer.microsoft.com/en-us/dashboard/apps/9NNR79Q8BZTN/submissions/1152921505702086093/listings/1152922700026683311/listingassets/3021414810255440944,https://developer.microsoft.com/en-us/dashboard/apps/9NNR79Q8BZTN/submissions/1152921505702086093/listings/1152922700026683311/listingassets/3021414810255440944,https://developer.microsoft.com/en-us/dashboard/apps/9NNR79Q8BZTN/submissions/1152921505702086093/listings/1152922700026683311/listingassets/3021414810255440944
PromoImage1920x1080,606,Relative path (or URL to file in Partner Center),,,,,,,,,,,,,,,,,,,
PromoImage2400x1200,607,Relative path (or URL to file in Partner Center),,,,,,,,,,,,,,,,,,,
XboxBrandedKeyArt584x800,608,Relative path (or URL to file in Partner Center),,,,,,,,,,,,,,,,,,,
XboxTitledHero1920x1080,609,Relative path (or URL to file in Partner Center),,,,,,,,,,,,,,,,,,,
XboxFeaturedPromo1080x1080,610,Relative path (or URL to file in Partner Center),,,,,,,,,,,,,,,,,,,
OptionalPromo358x358,611,Relative path (or URL to file in Partner Center),,,,,,,,,,,,,,,,,,,
OptionalPromo1000x800,612,Relative path (or URL to file in Partner Center),,,,,,,,,,,,,,,,,,,
OptionalPromo414x180,613,Relative path (or URL to file in Partner Center),,,,,,,,,,,,,,,,,,,
Feature1,700,Text,,"Plays MKV, MP4, AVI, MOV, WebM, TS and more with the built-in LibVLC engine. No extra codecs to install.",内置 LibVLC 引擎，可播放 MKV、MP4、AVI、MOV、WebM、TS 等格式，无需额外安装解码器。,內建 LibVLC 引擎，可播放 MKV、MP4、AVI、MOV、WebM、TS 等格式，無須另外安裝編解碼器。,"Speelt MKV, MP4, AVI, MOV, WebM, TS en meer af met de ingebouwde LibVLC-engine. Je hoeft geen extra codecs te installeren.","Plays MKV, MP4, AVI, MOV, WebM, TS and more with the built-in LibVLC engine. No extra codecs to install.","Plays MKV, MP4, AVI, MOV, WebM, TS and more with the built-in LibVLC engine. No extra codecs to install.","Plays MKV, MP4, AVI, MOV, WebM, TS and more with the built-in LibVLC engine. No extra codecs to install.","Lit les formats MKV, MP4, AVI, MOV, WebM, TS et bien d’autres grâce au moteur LibVLC intégré. Aucun codec supplémentaire à installer.","Spielt MKV, MP4, AVI, MOV, WebM, TS und mehr mit der integrierten LibVLC-Engine ab. Zusätzliche Codecs musst du nicht installieren.","Riproduce MKV, MP4, AVI, MOV, WebM, TS e altro ancora con il motore LibVLC integrato. Nessun codec aggiuntivo da installare.",内蔵の LibVLC エンジンで MKV、MP4、AVI、MOV、WebM、TS などを再生。追加のコーデックをインストールする必要はありません。,"내장 LibVLC 엔진으로 MKV, MP4, AVI, MOV, WebM, TS 등을 재생합니다. 별도로 설치할 코덱이 필요 없습니다.","Reproduz MKV, MP4, AVI, MOV, WebM, TS e muito mais com o mecanismo LibVLC integrado. Sem codecs extras para instalar.","Reproduz MKV, MP4, AVI, MOV, WebM, TS e muito mais com o motor LibVLC integrado. Sem codecs adicionais para instalar.","Воспроизводит MKV, MP4, AVI, MOV, WebM, TS и другие форматы благодаря встроенному движку LibVLC. Устанавливать дополнительные кодеки не нужно.","Reproduce MKV, MP4, AVI, MOV, WebM, TS y otros formatos con el motor LibVLC integrado. No necesitas instalar códecs adicionales.","Reproduce MKV, MP4, AVI, MOV, WebM, TS y otros formatos con el motor LibVLC integrado. Sin códecs adicionales que instalar.","Spelar upp MKV, MP4, AVI, MOV, WebM, TS med mera med den inbyggda LibVLC-motorn. Inga extra kodekar att installera."
Feature2,701,Text,,"Organizes your movies and shows from their filenames, then adds posters, cast and episode details from TMDB.",根据文件名整理你的电影和剧集，再从 TMDB 补充海报、演员和单集详情。,依檔名整理你的電影與影集，再從 TMDB 補上海報、演員和各集詳細資料。,"Ordent je films en series op basis van hun bestandsnamen en voegt daarna posters, cast en afleveringsdetails van TMDB toe.","Organises your movies and shows from their filenames, then adds posters, cast and episode details from TMDB.","Organises your movies and shows from their filenames, then adds posters, cast and episode details from TMDB.","Organises your movies and shows from their filenames, then adds posters, cast and episode details from TMDB.","Organise vos films et séries à partir de leurs noms de fichiers, puis ajoute affiches, distribution et détails des épisodes depuis TMDB.","Ordnet deine Filme und Serien anhand ihrer Dateinamen und ergänzt dann Poster, Besetzung und Episodendetails von TMDB.","Organizza film e programmi TV a partire dai nomi dei file, poi aggiunge da TMDB locandine, cast e dettagli degli episodi.",ファイル名から映画や番組を整理し、TMDB からポスター、キャスト、エピソードの詳細を追加します。,"파일 이름으로 영화와 TV 프로그램을 정리한 다음, TMDB에서 포스터, 출연진, 에피소드 정보를 추가합니다.","Organiza seus filmes e séries pelos nomes dos arquivos e depois adiciona pôsteres, elenco e detalhes dos episódios do TMDB.","Organiza os seus filmes e séries a partir dos nomes dos ficheiros e depois acrescenta cartazes, elenco e detalhes dos episódios do TMDB.","Упорядочивает ваши фильмы и сериалы по именам файлов, а затем добавляет постеры, актёрский состав и описания серий из TMDB.","Organiza tus películas y series a partir de los nombres de archivo y luego agrega pósters, elenco y detalles de episodios desde TMDB.","Organiza tus películas y series a partir de los nombres de archivo y, después, añade carteles, reparto y detalles de episodios desde TMDB.","Organiserar dina filmer och serier utifrån filnamnen och lägger sedan till affischer, rollista och avsnittsinformation från TMDB."
Feature3,702,Text,,"Browse trending, popular and top-rated titles. Search by title or person, or filter by release date.",浏览近期热门、广受欢迎和最高评分的作品。按片名或人物搜索，或按发行日期筛选。,瀏覽近期熱門、廣受歡迎和最高評分的作品。依片名或人物搜尋，或依發行日期篩選。,"Blader door trending, populaire en best beoordeelde titels. Zoek op titel of persoon, of filter op releasedatum.","Browse trending, popular and top-rated titles. Search by title or person, or filter by release date.","Browse trending, popular and top-rated titles. Search by title or person, or filter by release date.","Browse trending, popular and top-rated titles. Search by title or person, or filter by release date.","Parcourez les titres tendance, populaires et les mieux notés. Recherchez par titre ou par personne, ou filtrez par date de sortie.","Stöbere in angesagten, beliebten und am besten bewerteten Titeln. Suche nach Titel oder Person oder filtere nach Veröffentlichungsdatum.","Sfoglia i titoli di tendenza, popolari e più votati. Cerca per titolo o persona, oppure filtra per data di uscita.",トレンド、人気、高評価の作品を閲覧。タイトルや人物で検索したり、公開日で絞り込んだりできます。,"트렌드, 인기, 최고 평점 작품을 둘러보세요. 제목이나 인물로 검색하거나 개봉일로 필터링할 수 있습니다.","Navegue pelos títulos em alta, populares e mais bem avaliados. Busque por título ou pessoa, ou filtre por data de lançamento.","Explore títulos em tendência, populares e mais bem classificados. Pesquise por título ou pessoa, ou filtre por data de lançamento.","Просматривайте трендовые, популярные и лучшие по рейтингу фильмы и сериалы. Ищите по названию или персоне либо фильтруйте по дате выхода.","Explora títulos en tendencia, populares y mejor calificados. Busca por título o por persona, o filtra por fecha de lanzamiento.","Explora títulos en tendencia, populares y mejor valorados. Busca por título o por persona, o filtra por fecha de estreno.","Bläddra bland titlar som trendar, är populära eller har högst betyg. Sök efter titel eller person, eller filtrera efter premiärdatum."
Feature4,703,Text,,Saves your progress automatically so you can resume any title from Continue Watching.,自动保存观看进度，可在“继续观看”中接着看任意作品。,自動儲存觀看進度，可從「繼續觀看」接續播放任何作品。,"Slaat je voortgang automatisch op, zodat je elke titel kunt hervatten via “Verder kijken”.",Saves your progress automatically so you can resume any title from Continue Watching.,Saves your progress automatically so you can resume any title from Continue Watching.,Saves your progress automatically so you can resume any title from Continue Watching.,Enregistre automatiquement votre progression pour reprendre n’importe quel titre depuis « Reprendre la lecture ».,"Speichert deinen Fortschritt automatisch, sodass du jeden Titel über „Weiter ansehen“ fortsetzen kannst.","Salva automaticamente i progressi, così puoi riprendere qualsiasi titolo da “Continua a guardare”.",進行状況を自動で保存するので、「視聴を続ける」からどの作品でも再開できます。,진행 상황을 자동으로 저장하므로 '시청 계속하기'에서 어떤 작품이든 이어서 볼 수 있습니다.,Salva seu progresso automaticamente para você retomar qualquer título em “Continuar assistindo”.,Guarda o seu progresso automaticamente para que possa retomar qualquer título em “Continuar a ver”.,"Автоматически сохраняет прогресс, чтобы любой фильм или сериал можно было продолжить из раздела «Продолжить просмотр».",Guarda tu progreso automáticamente para que retomes cualquier título desde Continuar viendo.,Guarda tu progreso automáticamente para que puedas retomar cualquier título desde Seguir viendo.,Sparar ditt förlopp automatiskt så att du kan återuppta vilken titel som helst från Fortsätt titta.
Feature5,704,Text,,"Watchlist, favorites, watched marks and star ratings, with optional TMDB account sync.",待看清单、收藏、已观看标记和星级评分，并可选择同步 TMDB 帐户。,待看清單、最愛、已觀看標示和星級評分，並可選擇與 TMDB 帳戶同步。,"Kijklijst, favorieten, markeringen als bekeken en beoordelingen met sterren, optioneel gesynchroniseerd met je TMDB-account.","Watchlist, favourites, watched marks and star ratings, with optional TMDB account sync.","Watchlist, favourites, watched marks and star ratings, with optional TMDB account sync.","Watchlist, favourites, watched marks and star ratings, with optional TMDB account sync.","Liste à voir, favoris, titres marqués comme vus et notes en étoiles, avec synchronisation facultative d’un compte TMDB.","Watchlist, Favoriten, Gesehen-Markierungen und Sternebewertungen, optional synchronisiert mit deinem TMDB-Konto.","Watchlist, preferiti, titoli segnati come visti e valutazioni a stelle, con sincronizzazione facoltativa dell’account TMDB.",ウォッチリスト、お気に入り、視聴済みマーク、星評価に対応。TMDB アカウントとの同期も可能です（オプション）。,"관심 목록, 즐겨찾기, 시청함 표시, 별점 기능과 선택적 TMDB 계정 동기화.","Lista de interesse, favoritos, marcação de assistidos e notas com estrelas, com sincronização opcional com a conta do TMDB.","Lista de visualização, favoritos, marcação de vistos e classificações por estrelas, com sincronização opcional com a conta do TMDB.","Список просмотра, избранное, отметки о просмотре и оценки в звёздах с необязательной синхронизацией с аккаунтом TMDB.","Lista de seguimiento, favoritos, marcas de visto y calificaciones con estrellas, con sincronización opcional con una cuenta de TMDB.","Lista de seguimiento, favoritos, marcas de visto y valoraciones con estrellas, con sincronización opcional con una cuenta de TMDB.","Visningslista, favoriter, markering av sedda titlar och stjärnbetyg, med valfri synkronisering med TMDB-konto."
Feature6,705,Text,,"Young Audience filter that shows only titles rated PG, PG-13, TV-PG or TV-14.",“适合青少年观看”筛选，只显示分级为 PG、PG-13、TV-PG 或 TV-14 的作品。,「適合青少年觀看」篩選，只顯示分級為 PG、PG-13、TV-PG 或 TV-14 的作品。,"Filter “Geschikt voor jong publiek”, dat alleen titels toont met de leeftijdsclassificatie PG, PG-13, TV-PG of TV-14.","Young Audience filter that shows only titles rated PG, PG-13, TV-PG or TV-14.","Young Audience filter that shows only titles rated PG, PG-13, TV-PG or TV-14.","Young Audience filter that shows only titles rated PG, PG-13, TV-PG or TV-14.","Filtre « Adapté au jeune public » qui n’affiche que les titres classés PG, PG-13, TV-PG ou TV-14.","Filter „Für junges Publikum geeignet“, der nur Titel mit der Altersfreigabe PG, PG-13, TV-PG oder TV-14 zeigt.","Filtro “Adatto a un pubblico giovane” che mostra solo i titoli classificati PG, PG-13, TV-PG o TV-14.",「若い視聴者向け」フィルターで、PG、PG-13、TV-PG、TV-14 のレーティングの作品だけを表示。,"'청소년 시청 적합' 필터로 PG, PG-13, TV-PG 또는 TV-14 등급 작품만 표시.","Filtro “Adequado para público jovem”, que mostra apenas títulos com classificação PG, PG-13, TV-PG ou TV-14.","Filtro “Adequado para público jovem”, que mostra apenas títulos com classificação PG, PG-13, TV-PG ou TV-14.","Фильтр «Подходит для юной аудитории», который показывает только фильмы и сериалы с рейтингом PG, PG-13, TV-PG или TV-14.","Filtro “Apto para público joven” que muestra únicamente títulos con clasificación PG, PG-13, TV-PG o TV-14.","Filtro «Apto para público joven» que muestra solo títulos clasificados como PG, PG-13, TV-PG o TV-14.","Filtret Lämplig för ung publik, som visar bara titlar med åldersgränsen PG, PG-13, TV-PG eller TV-14."
Feature7,706,Text,,"Full screen, Picture in Picture and display refresh-rate matching.",全屏、画中画和显示器刷新率匹配。,全螢幕、子母畫面和螢幕更新率匹配。,"Volledig scherm, Beeld in beeld en afstemming op de verversingssnelheid van je scherm.","Full screen, Picture in Picture and display refresh-rate matching.","Full screen, Picture in Picture and display refresh-rate matching.","Full screen, Picture in Picture and display refresh-rate matching.","Plein écran, Image dans l’image et adaptation à la fréquence de rafraîchissement de l’écran.","Vollbild, Bild-in-Bild und Anpassung an die Bildwiederholrate des Displays.","Schermo intero, Picture in Picture e adattamento alla frequenza di aggiornamento dello schermo.",全画面表示、ピクチャインピクチャ、ディスプレイのリフレッシュレート合わせ。,"전체 화면, 화면 속 화면(PIP), 디스플레이 주사율 맞춤.","Tela cheia, Picture in Picture e ajuste à taxa de atualização da tela.","Ecrã completo, Picture in Picture e ajuste à taxa de atualização do ecrã.","Полноэкранный режим, «Картинка в картинке» и подстройка частоты обновления дисплея.","Pantalla completa, Imagen dentro de imagen y ajuste a la frecuencia de actualización de la pantalla.","Pantalla completa, Imagen dentro de imagen y ajuste a la frecuencia de actualización de la pantalla.","Helskärm, Bild-i-bild och anpassning till skärmens uppdateringsfrekvens."
Feature8,707,Text,,"Speed from 0.25x to 3x, press-and-hold fast forward, and 10, 15 or 30 second skips.",0.25x 至 3x 倍速播放、长按快进，以及 10、15 或 30 秒跳转。,0.25x 至 3x 播放速度、長按快轉，以及 10、15 或 30 秒跳轉。,"Snelheid van 0,25x tot 3x, snel vooruitspoelen door ingedrukt te houden en sprongen van 10, 15 of 30 seconden.","Speed from 0.25x to 3x, press-and-hold fast forward, and 10, 15 or 30 second skips.","Speed from 0.25x to 3x, press-and-hold fast forward, and 10, 15 or 30 second skips.","Speed from 0.25x to 3x, press-and-hold fast forward, and 10, 15 or 30 second skips.","Vitesse de 0,25x à 3x, avance rapide en maintenant appuyé, et sauts de 10, 15 ou 30 secondes.","Geschwindigkeit von 0,25x bis 3x, schneller Vorlauf per Gedrückthalten und Sprünge um 10, 15 oder 30 Sekunden.","Velocità da 0,25x a 3x, avanzamento rapido tenendo premuto e salti di 10, 15 o 30 secondi.",0.25 倍～3 倍の再生速度、長押しで早送り、10・15・30 秒のスキップ。,"0.25배~3배 재생 속도, 길게 눌러 빨리 감기, 10초/15초/30초 건너뛰기.","Velocidade de 0,25x a 3x, avanço rápido ao manter pressionado e saltos de 10, 15 ou 30 segundos.","Velocidade de 0,25x a 3x, avanço rápido ao manter premido e saltos de 10, 15 ou 30 segundos.","Скорость от 0,25x до 3x, ускоренная перемотка при удержании и переходы на 10, 15 или 30 секунд.","Velocidad de 0.25x a 3x, avance rápido al mantener presionado y saltos de 10, 15 o 30 segundos.","Velocidad de 0,25x a 3x, avance rápido manteniendo pulsado y saltos de 10, 15 o 30 segundos.","Hastighet från 0,25x till 3x, snabbspolning när du håller ned och hopp på 10, 15 eller 30 sekunder."
Feature9,708,Text,,"Track selection, audio and subtitle delay, picture adjustments, and a 10-band equalizer with presets.",轨道选择、音频和字幕延迟、画面调整，以及带预设的 10 段均衡器。,軌道選擇、音訊和字幕延遲、畫面調整，以及附預設組合的 10 段等化器。,"Spoorkeuze, audio- en ondertitelvertraging, beeldaanpassingen en een 10-bands equalizer met voorinstellingen.","Track selection, audio and subtitle delay, picture adjustments, and a 10-band equaliser with presets.","Track selection, audio and subtitle delay, picture adjustments, and a 10-band equaliser with presets.","Track selection, audio and subtitle delay, picture adjustments, and a 10-band equaliser with presets.","Choix des pistes, décalage audio et des sous-titres, réglages de l’image et égaliseur 10 bandes avec préréglages.","Spurauswahl, Audio- und Untertitelverzögerung, Bildanpassung und ein 10-Band-Equalizer mit Voreinstellungen.","Selezione delle tracce, ritardo audio e dei sottotitoli, regolazioni dell’immagine ed equalizzatore a 10 bande con preimpostazioni.",トラックの選択、音声と字幕の遅延調整、画質調整、プリセット付きの 10 バンド イコライザ。,"트랙 선택, 오디오·자막 지연 조정, 화면 조정, 사전 설정이 포함된 10밴드 이퀄라이저.","Seleção de faixas, atraso do áudio e das legendas, ajustes de imagem e equalizador de 10 bandas com predefinições.","Seleção de faixas, atraso do áudio e das legendas, ajustes de imagem e equalizador de 10 bandas com predefinições.","Выбор дорожек, задержка звука и субтитров, настройки изображения и 10-полосный эквалайзер с готовыми профилями.","Selección de pistas, retraso del audio y de los subtítulos, ajustes de imagen y ecualizador de 10 bandas con preajustes.","Selección de pistas, retardo del audio y de los subtítulos, ajustes de imagen y ecualizador de 10 bandas con preajustes.","Spårval, ljud- och undertextfördröjning, bildjusteringar och en 10-bands equalizer med profiler."
Feature10,709,Text,,"Chapter marks on the timeline, Up Next for the next episode, and optional Skip Intro, Recap and Credits prompts.",时间轴章节标记、用于播放下一集的“接下来”，以及可选的“跳过片头”、“跳过前情提要”和“跳过片尾”提示。,時間軸章節標記、播放下一集的「接下來」，以及可選用的「略過片頭」、「略過前情提要」和「略過片尾」提示。,"Hoofdstukmarkeringen op de tijdlijn, “Hierna” voor de volgende aflevering en optionele knoppen om intro, samenvatting en aftiteling over te slaan.","Chapter marks on the timeline, Up Next for the next episode, and optional Skip Intro, Recap and Credits prompts.","Chapter marks on the timeline, Up Next for the next episode, and optional Skip Intro, Recap and Credits prompts.","Chapter marks on the timeline, Up Next for the next episode, and optional Skip Intro, Recap and Credits prompts.","Repères de chapitres sur la barre de progression, « À suivre » pour l’épisode suivant et propositions facultatives « Passer l’intro », « Passer le récapitulatif » et « Passer le générique ».","Kapitelmarken auf der Zeitleiste, „Als Nächstes“ für die nächste Folge und optionale Einblendungen „Intro, Rückblick und Abspann überspringen“.","Indicatori dei capitoli sulla barra di avanzamento, “Prossimo” per l’episodio successivo e inviti facoltativi “Salta intro”, “Salta riassunto” e “Salta titoli di coda”.",タイムライン上のチャプターマーク、次の話へ進む「次のエピソード」、イントロ・あらすじ・クレジットのスキップ提案（オプション）。,"타임라인의 챕터 표시, 다음 에피소드로 이어지는 '다음 에피소드', 인트로·지난 이야기·크레딧 건너뛰기 제안(선택 사항).","Marcas de capítulo na linha do tempo, cartão “A seguir” para o próximo episódio e sugestões opcionais para pular abertura, recapitulação e créditos.","Marcas de capítulo na barra de progresso, cartão “A seguir” para o episódio seguinte e sugestões opcionais para saltar genérico, resumo e créditos.","Метки глав на шкале времени, «Далее» для следующей серии и необязательные предложения пропуска заставки, краткого содержания и титров.","Marcas de capítulo en la línea de tiempo, “A continuación” para el siguiente episodio y avisos opcionales “Omitir intro”, “Omitir resumen” y “Omitir créditos”.","Marcas de capítulo en la línea de tiempo, «A continuación» para el siguiente episodio y avisos opcionales «Saltar intro», «Saltar resumen» y «Saltar créditos».","Kapitelmarkeringar på tidslinjen, Härnäst för nästa avsnitt och valfria förslag om att hoppa över intro, sammanfattning och eftertexter."
Feature11,710,Text,,"Embedded and online subtitles, kept with each title, with your choice of font, color and background.",支持内嵌字幕和在线字幕，字幕随作品保存，可自选字体、颜色和背景。,支援內嵌字幕和線上字幕，字幕隨作品保存，可自選字型、顏色和背景。,"Ingebedde en online ondertitels, bewaard per titel, met een lettertype, kleur en achtergrond naar keuze.","Embedded and online subtitles, kept with each title, with your choice of font, colour and background.","Embedded and online subtitles, kept with each title, with your choice of font, colour and background.","Embedded and online subtitles, kept with each title, with your choice of font, colour and background.","Sous-titres intégrés et en ligne, conservés avec chaque titre, avec choix de la police, de la couleur et de l’arrière-plan.","Eingebettete und Online-Untertitel, die bei ihrem Titel bleiben – mit Schrift, Farbe und Hintergrund nach Wahl.","Sottotitoli incorporati e online, conservati con ogni titolo, con scelta di carattere, colore e sfondo.",埋め込み字幕とオンライン字幕に対応し、作品ごとに保持。フォント、色、背景を選択できます。,"내장 자막과 온라인 자막을 작품별로 보관하며, 글꼴, 색상, 배경을 선택할 수 있습니다.","Legendas embutidas e online, salvas com cada título, com a fonte, a cor e o fundo que você escolher.","Legendas incorporadas e online, guardadas com cada título, com o tipo de letra, a cor e o fundo que escolher.","Встроенные субтитры и субтитры из сети, которые сохраняются для каждого фильма и сериала, с выбором шрифта, цвета и фона.","Subtítulos incrustados y en línea, guardados con cada título, con la fuente, el color y el fondo que prefieras.","Subtítulos incrustados y en línea, guardados con cada título, con la fuente, el color y el fondo que elijas.","Inbäddade undertexter och undertexter online, sparade per titel, med valfritt typsnitt, färg och bakgrund."
Feature12,711,Text,,"Play from local folders, SMB, SFTP, WebDAV, NFS, S3-compatible storage, Google Drive, OneDrive and Dropbox.",可从本地文件夹、SMB、SFTP、WebDAV、NFS、S3 兼容存储、Google Drive、OneDrive 和 Dropbox 播放。,可從本機資料夾、SMB、SFTP、WebDAV、NFS、S3 相容儲存空間、Google Drive、OneDrive 和 Dropbox 播放。,"Speel af vanuit lokale mappen, SMB, SFTP, WebDAV, NFS, S3-compatibele opslag, Google Drive, OneDrive en Dropbox.","Play from local folders, SMB, SFTP, WebDAV, NFS, S3-compatible storage, Google Drive, OneDrive and Dropbox.","Play from local folders, SMB, SFTP, WebDAV, NFS, S3-compatible storage, Google Drive, OneDrive and Dropbox.","Play from local folders, SMB, SFTP, WebDAV, NFS, S3-compatible storage, Google Drive, OneDrive and Dropbox.","Lecture depuis des dossiers locaux, SMB, SFTP, WebDAV, NFS, un stockage compatible S3, Google Drive, OneDrive et Dropbox.","Wiedergabe aus lokalen Ordnern, SMB, SFTP, WebDAV, NFS, S3-kompatiblem Speicher, Google Drive, OneDrive und Dropbox.","Riproduci da cartelle locali, SMB, SFTP, WebDAV, NFS, archiviazione compatibile S3, Google Drive, OneDrive e Dropbox.",ローカル フォルダー、SMB、SFTP、WebDAV、NFS、S3 互換ストレージ、Google Drive、OneDrive、Dropbox から再生。,"로컬 폴더, SMB, SFTP, WebDAV, NFS, S3 호환 스토리지, Google Drive, OneDrive, Dropbox에서 재생.","Reproduza a partir de pastas locais, SMB, SFTP, WebDAV, NFS, armazenamento compatível com S3, Google Drive, OneDrive e Dropbox.","Reproduza a partir de pastas locais, SMB, SFTP, WebDAV, NFS, armazenamento compatível com S3, Google Drive, OneDrive e Dropbox.","Воспроизведение из локальных папок, SMB, SFTP, WebDAV, NFS, S3-совместимых хранилищ, Google Drive, OneDrive и Dropbox.","Reproduce desde carpetas locales, SMB, SFTP, WebDAV, NFS, almacenamiento compatible con S3, Google Drive, OneDrive y Dropbox.","Reproduce desde carpetas locales, SMB, SFTP, WebDAV, NFS, almacenamiento compatible con S3, Google Drive, OneDrive y Dropbox.","Spela upp från lokala mappar, SMB, SFTP, WebDAV, NFS, S3-kompatibel lagring, Google Drive, OneDrive och Dropbox."
Feature13,712,Text,,"Experimental super resolution and Frame Generation on supported NVIDIA, AMD and Intel graphics. Off by default.",在受支持的 NVIDIA、AMD 和 Intel 显卡上提供实验性的超分辨率和帧生成功能。默认关闭。,在支援的 NVIDIA、AMD 和 Intel 顯示卡上提供實驗性的超解析度和影格生成功能。預設為關閉。,"Experimentele superresolutie en Framegeneratie op ondersteunde grafische hardware van NVIDIA, AMD en Intel. Standaard uit.","Experimental super resolution and Frame Generation on supported NVIDIA, AMD and Intel graphics. Off by default.","Experimental super resolution and Frame Generation on supported NVIDIA, AMD and Intel graphics. Off by default.","Experimental super resolution and Frame Generation on supported NVIDIA, AMD and Intel graphics. Off by default.","Super-résolution et Génération d’images expérimentales sur cartes graphiques NVIDIA, AMD et Intel compatibles. Désactivées par défaut.","Experimentelle Super Resolution und Frame-Generierung auf unterstützter Grafikhardware von NVIDIA, AMD und Intel. Standardmäßig aus.","Super risoluzione e Generazione di fotogrammi sperimentali su schede grafiche NVIDIA, AMD e Intel supportate. Disattivate per impostazione predefinita.",対応する NVIDIA、AMD、Intel のグラフィックスで、試験的な超解像とフレーム生成を利用可能。初期設定ではオフです。,"지원되는 NVIDIA, AMD, Intel 그래픽에서 실험적 초고해상도 및 프레임 생성 제공. 기본적으로 꺼져 있습니다.","Super-resolução e Geração de quadros experimentais em GPUs NVIDIA, AMD e Intel compatíveis. Desativadas por padrão.","Super-resolução e Geração de fotogramas experimentais em GPUs NVIDIA, AMD e Intel compatíveis. Desativadas por predefinição.","Экспериментальные суперразрешение и «Генерация кадров» на поддерживаемой графике NVIDIA, AMD и Intel. По умолчанию выключены.","Superresolución y Generación de fotogramas experimentales en gráficos NVIDIA, AMD e Intel compatibles. Desactivadas de forma predeterminada.","Superresolución y Generación de fotogramas experimentales en gráficos NVIDIA, AMD e Intel compatibles. Desactivadas por defecto.","Experimentell superupplösning och Bildrutegenerering på NVIDIA-, AMD- och Intel-grafik som stöds. Avstängt som standard."
Feature14,713,Text,,"Xbox controller support, taskbar play controls and a Continue Watching jump list.",支持 Xbox 手柄、任务栏播放控制按钮和“继续观看”跳转列表。,支援 Xbox 控制器、工作列播放控制項和「繼續觀看」跳躍清單。,"Ondersteuning voor Xbox-controllers, afspeelknoppen in de taakbalk en een jumplist voor “Verder kijken”.","Xbox controller support, taskbar play controls and a Continue Watching jump list.","Xbox controller support, taskbar play controls and a Continue Watching jump list.","Xbox controller support, taskbar play controls and a Continue Watching jump list.","Prise en charge de la manette Xbox, commandes de lecture dans la barre des tâches et liste de raccourcis « Reprendre la lecture ».","Unterstützung für Xbox-Controller, Wiedergabesteuerung in der Taskleiste und eine Sprungliste für „Weiter ansehen“.","Supporto del controller Xbox, controlli di riproduzione nella barra delle applicazioni e jump list “Continua a guardare”.",Xbox コントローラー対応、タスクバーの再生コントロール、「視聴を続ける」ジャンプ リスト。,"Xbox 컨트롤러 지원, 작업 표시줄 재생 컨트롤, '시청 계속하기' 점프 목록.","Suporte a controle do Xbox, controles de reprodução na barra de tarefas e lista de atalhos com “Continuar assistindo”.","Suporte para comando Xbox, controlos de reprodução na barra de tarefas e lista de atalhos com “Continuar a ver”.","Поддержка контроллера Xbox, кнопки управления воспроизведением на панели задач и список переходов «Продолжить просмотр».","Compatibilidad con control de Xbox, botones de reproducción en la barra de tareas y lista de accesos directos de Continuar viendo.","Compatibilidad con mando de Xbox, controles de reproducción en la barra de tareas y lista de accesos directos de Seguir viendo.","Stöd för Xbox-handkontroll, uppspelningskontroller i aktivitetsfältet och en snabblista för Fortsätt titta."
Feature15,714,Text,,"Keyboard shortcuts, touch gestures, screen-reader labels, and support for Windows text scaling.",键盘快捷键、触控手势、屏幕阅读器标签，并支持 Windows 文本缩放。,鍵盤快速鍵、觸控手勢、螢幕助讀程式標籤，並支援 Windows 文字縮放。,"Sneltoetsen, aanraakgebaren, labels voor schermlezers en ondersteuning voor tekstschaling in Windows.","Keyboard shortcuts, touch gestures, screen-reader labels, and support for Windows text scaling.","Keyboard shortcuts, touch gestures, screen-reader labels, and support for Windows text scaling.","Keyboard shortcuts, touch gestures, screen-reader labels, and support for Windows text scaling.","Raccourcis clavier, gestes tactiles, étiquettes pour lecteur d’écran et prise en charge de la mise à l’échelle du texte de Windows.","Tastenkürzel, Touch-Gesten, Beschriftungen für Screenreader und Unterstützung für die Textskalierung von Windows.","Scorciatoie da tastiera, gesti touch, etichette per screen reader e supporto del ridimensionamento del testo di Windows.",キーボード ショートカット、タッチ ジェスチャー、スクリーン リーダー向けラベル、Windows の文字サイズ設定に対応。,"키보드 단축키, 터치 제스처, 화면 읽기 프로그램용 레이블, Windows 텍스트 크기 조정 지원.","Atalhos de teclado, gestos de toque, rótulos para leitores de tela e suporte à escala de texto do Windows.","Atalhos de teclado, gestos táteis, etiquetas para leitores de ecrã e suporte para o dimensionamento de texto do Windows.","Сочетания клавиш, сенсорные жесты, подписи для программ чтения с экрана и поддержка масштабирования текста Windows.","Atajos de teclado, gestos táctiles, etiquetas para lectores de pantalla y compatibilidad con el escalado de texto de Windows.","Atajos de teclado, gestos táctiles, etiquetas para lectores de pantalla y compatibilidad con el escalado de texto de Windows.","Kortkommandon, pekgester, etiketter för skärmläsare och stöd för textskalning i Windows."
Feature16,715,Text,,"Available in English, German, Spanish, French, Italian, Japanese, Korean, Dutch, Portuguese, Russian, Swedish and Chinese.",界面语言支持英语、德语、西班牙语、法语、意大利语、日语、韩语、荷兰语、葡萄牙语、俄语、瑞典语和中文。,介面語言提供英文、德文、西班牙文、法文、義大利文、日文、韓文、荷蘭文、葡萄牙文、俄文、瑞典文及中文。,"Beschikbaar in het Engels, Duits, Spaans, Frans, Italiaans, Japans, Koreaans, Nederlands, Portugees, Russisch, Zweeds en Chinees.","Available in English, German, Spanish, French, Italian, Japanese, Korean, Dutch, Portuguese, Russian, Swedish and Chinese.","Available in English, German, Spanish, French, Italian, Japanese, Korean, Dutch, Portuguese, Russian, Swedish and Chinese.","Available in English, German, Spanish, French, Italian, Japanese, Korean, Dutch, Portuguese, Russian, Swedish and Chinese.","Disponible en anglais, allemand, espagnol, français, italien, japonais, coréen, néerlandais, portugais, russe, suédois et chinois.","Verfügbar auf Englisch, Deutsch, Spanisch, Französisch, Italienisch, Japanisch, Koreanisch, Niederländisch, Portugiesisch, Russisch, Schwedisch und Chinesisch.","Disponibile in inglese, tedesco, spagnolo, francese, italiano, giapponese, coreano, olandese, portoghese, russo, svedese e cinese.",英語、ドイツ語、スペイン語、フランス語、イタリア語、日本語、韓国語、オランダ語、ポルトガル語、ロシア語、スウェーデン語、中国語に対応。,"영어, 독일어, 스페인어, 프랑스어, 이탈리아어, 일본어, 한국어, 네덜란드어, 포르투갈어, 러시아어, 스웨덴어, 중국어 지원.","Disponível em inglês, alemão, espanhol, francês, italiano, japonês, coreano, holandês, português, russo, sueco e chinês.","Disponível em inglês, alemão, espanhol, francês, italiano, japonês, coreano, neerlandês, português, russo, sueco e chinês.","Доступен на английском, немецком, испанском, французском, итальянском, японском, корейском, нидерландском, португальском, русском, шведском и китайском языках.","Disponible en inglés, alemán, español, francés, italiano, japonés, coreano, neerlandés, portugués, ruso, sueco y chino.","Disponible en inglés, alemán, español, francés, italiano, japonés, coreano, neerlandés, portugués, ruso, sueco y chino.","Finns på engelska, tyska, spanska, franska, italienska, japanska, koreanska, nederländska, portugisiska, ryska, svenska och kinesiska."
Feature17,716,Text,,"No account, no ads, no analytics or telemetry. Your library and watch history are stored on your PC.",无需帐户，无广告，无统计分析或遥测。你的媒体库和观看记录都保存在你的电脑上。,無須帳戶、沒有廣告，也沒有使用分析或遙測。你的媒體櫃和觀看紀錄都儲存在你的電腦上。,"Geen account, geen advertenties, geen analytics of telemetrie. Je bibliotheek en kijkgeschiedenis worden op je pc opgeslagen.","No account, no ads, no analytics or telemetry. Your library and watch history are stored on your PC.","No account, no ads, no analytics or telemetry. Your library and watch history are stored on your PC.","No account, no ads, no analytics or telemetry. Your library and watch history are stored on your PC.","Sans compte, sans publicité, sans outil d’analyse ni télémétrie. Votre bibliothèque et votre historique de visionnage sont stockés sur votre PC.","Kein Konto, keine Werbung, keine Analysen oder Telemetrie. Deine Bibliothek und dein Wiedergabeverlauf werden auf deinem PC gespeichert.","Nessun account, niente pubblicità, nessuno strumento di analisi o telemetria. La libreria e la cronologia delle visioni sono archiviate sul tuo PC.",アカウント不要、広告なし、アナリティクスやテレメトリもなし。ライブラリと視聴履歴はお使いの PC に保存されます。,"계정이 필요 없고 광고, 분석 기능, 텔레메트리도 없습니다. 라이브러리와 시청 기록은 PC에 저장됩니다.","Sem conta, sem anúncios, sem ferramentas de análise nem telemetria. Sua biblioteca e seu histórico de exibição ficam armazenados no seu PC.","Sem conta, sem anúncios, sem ferramentas de análise nem telemetria. A sua biblioteca e o seu histórico de visualização ficam guardados no seu PC.","Без аккаунта, рекламы, аналитики и телеметрии. Ваша библиотека и история просмотров хранятся на вашем компьютере.","Sin cuenta, sin anuncios, sin analíticas ni telemetría. Tu biblioteca y tu historial de reproducción se guardan en tu PC.","Sin cuenta, sin anuncios, sin analítica ni telemetría. Tu biblioteca y tu historial de visionado se guardan en tu PC.","Inget konto, inga annonser, ingen analys eller telemetri. Ditt bibliotek och din visningshistorik lagras på din dator."
Feature18,717,Text,,Open source under the Mozilla Public License 2.0.,基于 Mozilla Public License 2.0 开源。,採用 Mozilla Public License 2.0 開放原始碼授權。,Open source onder de Mozilla Public License 2.0.,Open source under the Mozilla Public License 2.0.,Open source under the Mozilla Public License 2.0.,Open source under the Mozilla Public License 2.0.,Open source sous licence Mozilla Public License 2.0.,Open Source unter der Mozilla Public License 2.0.,Open source con licenza Mozilla Public License 2.0.,Mozilla Public License 2.0 のもとで公開されているオープンソース ソフトウェアです。,Mozilla Public License 2.0에 따른 오픈 소스 소프트웨어입니다.,Código aberto sob a Mozilla Public License 2.0.,Código aberto ao abrigo da Mozilla Public License 2.0.,Открытый исходный код по лицензии Mozilla Public License 2.0.,De código abierto bajo la Mozilla Public License 2.0.,De código abierto con licencia Mozilla Public License 2.0.,Öppen källkod under Mozilla Public License 2.0.
Feature19,718,Text,,,,,,,,,,,,,,,,,,,
Feature20,719,Text,,,,,,,,,,,,,,,,,,,
MinimumHardwareReq1,800,Text,,OS: Windows 10 version 1809 (build 17763) or later,操作系统：Windows 10 版本 1809（内部版本 17763）或更高版本,作業系統：Windows 10 版本 1809（組建 17763）或更新版本,Besturingssysteem: Windows 10 versie 1809 (build 17763) of nieuwer,OS: Windows 10 version 1809 (build 17763) or later,OS: Windows 10 version 1809 (build 17763) or later,OS: Windows 10 version 1809 (build 17763) or later,Système d’exploitation : Windows 10 version 1809 (build 17763) ou ultérieure,Betriebssystem: Windows 10 Version 1809 (Build 17763) oder neuer,Sistema operativo: Windows 10 versione 1809 (build 17763) o successiva,OS：Windows 10 バージョン 1809（ビルド 17763）以降,OS: Windows 10 버전 1809(빌드 17763) 이상,Sistema operacional: Windows 10 versão 1809 (build 17763) ou posterior,Sistema operativo: Windows 10 versão 1809 (compilação 17763) ou posterior,ОС: Windows 10 версии 1809 (сборка 17763) или новее,Sistema operativo: Windows 10 versión 1809 (compilación 17763) o posterior,Sistema operativo: Windows 10 versión 1809 (compilación 17763) o posterior,Operativsystem: Windows 10 version 1809 (build 17763) eller senare
MinimumHardwareReq2,801,Text,,"Architecture: x64, x86 or ARM64",架构：x64、x86 或 ARM64,架構：x64、x86 或 ARM64,"Architectuur: x64, x86 of ARM64","Architecture: x64, x86 or ARM64","Architecture: x64, x86 or ARM64","Architecture: x64, x86 or ARM64","Architecture : x64, x86 ou ARM64","Architektur: x64, x86 oder ARM64","Architettura: x64, x86 o ARM64",アーキテクチャ：x64、x86、または ARM64,"아키텍처: x64, x86 또는 ARM64","Arquitetura: x64, x86 ou ARM64","Arquitetura: x64, x86 ou ARM64","Архитектура: x64, x86 или ARM64","Arquitectura: x64, x86 o ARM64","Arquitectura: x64, x86 o ARM64","Arkitektur: x64, x86 eller ARM64"
MinimumHardwareReq3,802,Text,,"Network: internet connection for artwork, details and online subtitles",网络：需要互联网连接以获取图片、详情和在线字幕,網路：需要網際網路連線，以取得圖片、詳細資料和線上字幕,"Netwerk: internetverbinding voor artwork, details en online ondertitels","Network: internet connection for artwork, details and online subtitles","Network: internet connection for artwork, details and online subtitles","Network: internet connection for artwork, details and online subtitles","Réseau : connexion Internet pour les illustrations, les détails et les sous-titres en ligne","Netzwerk: Internetverbindung für Artwork, Details und Online-Untertitel","Rete: connessione Internet per immagini, dettagli e sottotitoli online",ネットワーク：アートワーク、詳細情報、オンライン字幕の取得にインターネット接続,"네트워크: 아트워크, 상세 정보, 온라인 자막을 위한 인터넷 연결","Rede: conexão com a internet para artes, detalhes e legendas online","Rede: ligação à Internet para imagens, detalhes e legendas online","Сеть: подключение к интернету для обложек, описаний и субтитров из сети","Red: conexión a internet para ilustraciones, detalles y subtítulos en línea","Red: conexión a Internet para ilustraciones, detalles y subtítulos en línea","Nätverk: internetanslutning för bilder, information och undertexter online"
MinimumHardwareReq4,803,Text,,,,,,,,,,,,,,,,,,,
MinimumHardwareReq5,804,Text,,,,,,,,,,,,,,,,,,,
MinimumHardwareReq6,805,Text,,,,,,,,,,,,,,,,,,,
MinimumHardwareReq7,806,Text,,,,,,,,,,,,,,,,,,,
MinimumHardwareReq8,807,Text,,,,,,,,,,,,,,,,,,,
MinimumHardwareReq9,808,Text,,,,,,,,,,,,,,,,,,,
MinimumHardwareReq10,809,Text,,,,,,,,,,,,,,,,,,,
MinimumHardwareReq11,810,Text,,,,,,,,,,,,,,,,,,,
RecommendedHardwareReq1,850,Text,,OS: Windows 11,操作系统：Windows 11,作業系統：Windows 11,Besturingssysteem: Windows 11,OS: Windows 11,OS: Windows 11,OS: Windows 11,Système d’exploitation : Windows 11,Betriebssystem: Windows 11,Sistema operativo: Windows 11,OS：Windows 11,OS: Windows 11,Sistema operacional: Windows 11,Sistema operativo: Windows 11,ОС: Windows 11,Sistema operativo: Windows 11,Sistema operativo: Windows 11,Operativsystem: Windows 11
RecommendedHardwareReq2,851,Text,,"Video enhancement: NVIDIA GeForce RTX, AMD Radeon (x64) or Intel Arc/Xe graphics",视频增强：NVIDIA GeForce RTX、AMD Radeon（x64）或 Intel Arc/Xe 显卡,視訊增強：NVIDIA GeForce RTX、AMD Radeon（x64）或 Intel Arc/Xe 顯示卡,"Videoverbetering: NVIDIA GeForce RTX, AMD Radeon (x64) of Intel Arc/Xe-graphics","Video enhancement: NVIDIA GeForce RTX, AMD Radeon (x64) or Intel Arc/Xe graphics","Video enhancement: NVIDIA GeForce RTX, AMD Radeon (x64) or Intel Arc/Xe graphics","Video enhancement: NVIDIA GeForce RTX, AMD Radeon (x64) or Intel Arc/Xe graphics","Amélioration vidéo : carte graphique NVIDIA GeForce RTX, AMD Radeon (x64) ou Intel Arc/Xe","Bildoptimierung: NVIDIA GeForce RTX, AMD Radeon (x64) oder Intel Arc/Xe-Grafik","Miglioramento video: scheda grafica NVIDIA GeForce RTX, AMD Radeon (x64) o Intel Arc/Xe",高画質化：NVIDIA GeForce RTX、AMD Radeon（x64）、または Intel Arc/Xe グラフィックス,"화질 향상: NVIDIA GeForce RTX, AMD Radeon(x64) 또는 Intel Arc/Xe 그래픽","Aprimoramento de vídeo: GPU NVIDIA GeForce RTX, AMD Radeon (x64) ou Intel Arc/Xe","Melhoria de vídeo: GPU NVIDIA GeForce RTX, AMD Radeon (x64) ou Intel Arc/Xe","Улучшение видео: графика NVIDIA GeForce RTX, AMD Radeon (x64) или Intel Arc/Xe","Mejora de video: gráficos NVIDIA GeForce RTX, AMD Radeon (x64) o Intel Arc/Xe","Mejora de vídeo: gráficos NVIDIA GeForce RTX, AMD Radeon (x64) o Intel Arc/Xe","Videoförbättring: grafik från NVIDIA GeForce RTX, AMD Radeon (x64) eller Intel Arc/Xe"
RecommendedHardwareReq3,852,Text,,"Frame Generation: NVIDIA GeForce GTX 900 series or newer, or AMD or Intel graphics with Direct3D 11 compute support",帧生成：NVIDIA GeForce GTX 900 系列或更新型号，或支持 Direct3D 11 计算功能的 AMD 或 Intel 显卡,影格生成：NVIDIA GeForce GTX 900 系列或更新型號，或支援 Direct3D 11 運算功能的 AMD 或 Intel 顯示卡,"Framegeneratie: NVIDIA GeForce GTX 900-serie of nieuwer, of AMD- of Intel-graphics met ondersteuning voor Direct3D 11 compute","Frame Generation: NVIDIA GeForce GTX 900 series or newer, or AMD or Intel graphics with Direct3D 11 compute support","Frame Generation: NVIDIA GeForce GTX 900 series or newer, or AMD or Intel graphics with Direct3D 11 compute support","Frame Generation: NVIDIA GeForce GTX 900 series or newer, or AMD or Intel graphics with Direct3D 11 compute support","Génération d’images : NVIDIA GeForce GTX série 900 ou plus récente, ou carte graphique AMD ou Intel compatible avec le calcul Direct3D 11",Frame-Generierung: NVIDIA GeForce GTX der 900er-Serie oder neuer oder AMD- bzw. Intel-Grafik mit Compute-Unterstützung für Direct3D 11,"Generazione di fotogrammi: NVIDIA GeForce GTX serie 900 o successive, oppure scheda grafica AMD o Intel con supporto per il calcolo Direct3D 11",フレーム生成：NVIDIA GeForce GTX 900 シリーズ以降、または Direct3D 11 のコンピュート機能に対応した AMD / Intel グラフィックス,"프레임 생성: NVIDIA GeForce GTX 900 시리즈 이상, 또는 Direct3D 11 컴퓨팅을 지원하는 AMD 또는 Intel 그래픽","Geração de quadros: NVIDIA GeForce GTX série 900 ou mais recente, ou GPU AMD ou Intel com suporte a computação Direct3D 11","Geração de fotogramas: NVIDIA GeForce GTX série 900 ou mais recente, ou GPU AMD ou Intel com suporte para computação Direct3D 11",Генерация кадров: NVIDIA GeForce GTX 900-й серии или новее либо графика AMD или Intel с поддержкой вычислений Direct3D 11,"Generación de fotogramas: NVIDIA GeForce GTX serie 900 o más reciente, o gráficos AMD o Intel compatibles con cómputo en Direct3D 11","Generación de fotogramas: NVIDIA GeForce GTX serie 900 o posterior, o gráficos AMD o Intel compatibles con cálculo en Direct3D 11","Bildrutegenerering: NVIDIA GeForce GTX 900-serien eller nyare, eller AMD- eller Intel-grafik med stöd för beräkningar i Direct3D 11"
RecommendedHardwareReq4,853,Text,,Laptops with two GPUs: set Edendale to High performance in Windows graphics settings,双显卡笔记本电脑：请在 Windows 图形设置中将 Edendale 设为“高性能”,雙顯示卡筆電：請在 Windows 圖形設定中將 Edendale 設為「高效能」,Laptops met twee GPU's: stel Edendale in op Hoge prestaties in de grafische instellingen van Windows,Laptops with two GPUs: set Edendale to High performance in Windows graphics settings,Laptops with two GPUs: set Edendale to High performance in Windows graphics settings,Laptops with two GPUs: set Edendale to High performance in Windows graphics settings,PC portables à deux GPU : choisissez Performances élevées pour Edendale dans les paramètres graphiques de Windows,Laptops mit zwei GPUs: Stelle Edendale in den Grafikeinstellungen von Windows auf „Hohe Leistung“,Portatili con due GPU: imposta Edendale su Prestazioni elevate nelle impostazioni grafiche di Windows,GPU を 2 基搭載したノート PC：Windows のグラフィック設定で Edendale を「高パフォーマンス」に設定,GPU가 두 개인 노트북: Windows 그래픽 설정에서 Edendale을 고성능으로 설정,Notebooks com duas GPUs: defina o Edendale como Alto desempenho nas configurações de gráficos do Windows,Portáteis com duas GPUs: defina o Edendale como Alto desempenho nas definições de gráficos do Windows,Ноутбуки с двумя GPU: выберите для Edendale «Высокая производительность» в настройках графики Windows,Laptops con dos GPU: elige Alto rendimiento para Edendale en la configuración de gráficos de Windows,Portátiles con dos GPU: elige Alto rendimiento para Edendale en la configuración de gráficos de Windows,Bärbara datorer med två grafikprocessorer: ställ in Edendale på Hög prestanda i grafikinställningarna i Windows
RecommendedHardwareReq5,854,Text,,Controller: Xbox-compatible gamepad (optional),控制器：兼容 Xbox 的游戏手柄（可选）,控制器：相容 Xbox 的遊戲控制器（選用）,Controller: Xbox-compatibele gamepad (optioneel),Controller: Xbox-compatible gamepad (optional),Controller: Xbox-compatible gamepad (optional),Controller: Xbox-compatible gamepad (optional),Manette : modèle compatible Xbox (facultative),Controller: Xbox-kompatibles Gamepad (optional),Controller: gamepad compatibile Xbox (facoltativo),コントローラー：Xbox 互換ゲームパッド（オプション）,컨트롤러: Xbox 호환 게임패드(선택 사항),Controle: gamepad compatível com Xbox (opcional),Comando: gamepad compatível com Xbox (opcional),"Контроллер: геймпад, совместимый с Xbox (необязательно)",Control: gamepad compatible con Xbox (opcional),Mando: mando compatible con Xbox (opcional),Handkontroll: Xbox-kompatibel handkontroll (valfritt)
RecommendedHardwareReq6,855,Text,,,,,,,,,,,,,,,,,,,
RecommendedHardwareReq7,856,Text,,,,,,,,,,,,,,,,,,,
RecommendedHardwareReq8,857,Text,,,,,,,,,,,,,,,,,,,
RecommendedHardwareReq9,858,Text,,,,,,,,,,,,,,,,,,,
RecommendedHardwareReq10,859,Text,,,,,,,,,,,,,,,,,,,
RecommendedHardwareReq11,860,Text,,,,,,,,,,,,,,,,,,,
SearchTerm1,900,Text,,video player,视频播放器,影片播放器,videospeler,video player,video player,video player,lecteur vidéo,Videoplayer,lettore video,動画プレイヤー,동영상 플레이어,player de vídeo,leitor de vídeo,видеоплеер,reproductor de video,reproductor de vídeo,videospelare
SearchTerm2,901,Text,,mkv player,本地播放器,影音播放器,mediaspeler,mkv player,mkv player,mkv player,lecteur mkv,Mediaplayer,lettore mkv,動画再生,mkv 플레이어,player mkv,leitor mkv,mkv плеер,reproductor mkv,reproductor mkv,mediaspelare
SearchTerm3,902,Text,,media player,mkv播放器,mkv播放器,mkv speler,media player,media player,media player,lecteur multimédia,MKV Player,lettore multimediale,メディアプレーヤー,미디어 플레이어,reprodutor de mídia,leitor multimédia,медиаплеер,reproductor multimedia,reproductor multimedia,mkv spelare
SearchTerm4,903,Text,,watch tracker,影音播放器,追劇,ondertitels,watch tracker,watch tracker,watch tracker,suivi films et séries,Untertitel,video player,mkv 再生,동영상 재생,controle de séries,registo de séries,трекер сериалов,seguimiento de series,seguimiento de series,filmspelare
SearchTerm5,904,Text,,watchlist,观影记录,觀影紀錄,kijklijst,watchlist,watchlist,watchlist,liste à voir,Watchlist,watchlist,字幕,자막,lista de filmes,lista de filmes,список просмотра,lista de seguimiento,lista de seguimiento,visningslista
SearchTerm6,905,Text,,subtitles,追剧,片單,series bijhouden,subtitles,subtitles,subtitles,sous-titres,Serien Tracker,sottotitoli,視聴記録,시청 기록,legendas,legendas,субтитры,subtítulos,subtítulos,undertexter
SearchTerm7,906,Text,,media library,字幕,字幕,filmbibliotheek,media library,media library,media library,médiathèque,Filmverwaltung,tracker serie tv,ウォッチリスト,영화 기록,biblioteca de mídia,biblioteca multimédia,медиатека,biblioteca de videos,biblioteca multimedia,mediebibliotek
TrailerToPlayAtTopOfListing,999,Relative path (or URL to file in Partner Center),,,,,,,,,,,,,,,,,,,
Trailer1,1000,Relative path (or URL to file in Partner Center),,,,,,,,,,,,,,,,,,,
Trailer2,1001,Relative path (or URL to file in Partner Center),,,,,,,,,,,,,,,,,,,
Trailer3,1002,Relative path (or URL to file in Partner Center),,,,,,,,,,,,,,,,,,,
Trailer4,1003,Relative path (or URL to file in Partner Center),,,,,,,,,,,,,,,,,,,
Trailer5,1004,Relative path (or URL to file in Partner Center),,,,,,,,,,,,,,,,,,,
Trailer6,1005,Relative path (or URL to file in Partner Center),,,,,,,,,,,,,,,,,,,
Trailer7,1006,Relative path (or URL to file in Partner Center),,,,,,,,,,,,,,,,,,,
Trailer8,1007,Relative path (or URL to file in Partner Center),,,,,,,,,,,,,,,,,,,
Trailer9,1008,Relative path (or URL to file in Partner Center),,,,,,,,,,,,,,,,,,,
Trailer10,1009,Relative path (or URL to file in Partner Center),,,,,,,,,,,,,,,,,,,
Trailer11,1010,Relative path (or URL to file in Partner Center),,,,,,,,,,,,,,,,,,,
Trailer12,1011,Relative path (or URL to file in Partner Center),,,,,,,,,,,,,,,,,,,
Trailer13,1012,Relative path (or URL to file in Partner Center),,,,,,,,,,,,,,,,,,,
Trailer14,1013,Relative path (or URL to file in Partner Center),,,,,,,,,,,,,,,,,,,
Trailer15,1014,Relative path (or URL to file in Partner Center),,,,,,,,,,,,,,,,,,,
TrailerTitle1,1020,Text,,,,,,,,,,,,,,,,,,,
TrailerTitle2,1021,Text,,,,,,,,,,,,,,,,,,,
TrailerTitle3,1022,Text,,,,,,,,,,,,,,,,,,,
TrailerTitle4,1023,Text,,,,,,,,,,,,,,,,,,,
TrailerTitle5,1024,Text,,,,,,,,,,,,,,,,,,,
TrailerTitle6,1025,Text,,,,,,,,,,,,,,,,,,,
TrailerTitle7,1026,Text,,,,,,,,,,,,,,,,,,,
TrailerTitle8,1027,Text,,,,,,,,,,,,,,,,,,,
TrailerTitle9,1028,Text,,,,,,,,,,,,,,,,,,,
TrailerTitle10,1029,Text,,,,,,,,,,,,,,,,,,,
TrailerTitle11,1030,Text,,,,,,,,,,,,,,,,,,,
TrailerTitle12,1031,Text,,,,,,,,,,,,,,,,,,,
TrailerTitle13,1032,Text,,,,,,,,,,,,,,,,,,,
TrailerTitle14,1033,Text,,,,,,,,,,,,,,,,,,,
TrailerTitle15,1034,Text,,,,,,,,,,,,,,,,,,,
TrailerThumbnail1,1040,Relative path (or URL to file in Partner Center),,,,,,,,,,,,,,,,,,,
TrailerThumbnail2,1041,Relative path (or URL to file in Partner Center),,,,,,,,,,,,,,,,,,,
TrailerThumbnail3,1042,Relative path (or URL to file in Partner Center),,,,,,,,,,,,,,,,,,,
TrailerThumbnail4,1043,Relative path (or URL to file in Partner Center),,,,,,,,,,,,,,,,,,,
TrailerThumbnail5,1044,Relative path (or URL to file in Partner Center),,,,,,,,,,,,,,,,,,,
TrailerThumbnail6,1045,Relative path (or URL to file in Partner Center),,,,,,,,,,,,,,,,,,,
TrailerThumbnail7,1046,Relative path (or URL to file in Partner Center),,,,,,,,,,,,,,,,,,,
TrailerThumbnail8,1047,Relative path (or URL to file in Partner Center),,,,,,,,,,,,,,,,,,,
TrailerThumbnail9,1048,Relative path (or URL to file in Partner Center),,,,,,,,,,,,,,,,,,,
TrailerThumbnail10,1049,Relative path (or URL to file in Partner Center),,,,,,,,,,,,,,,,,,,
TrailerThumbnail11,1050,Relative path (or URL to file in Partner Center),,,,,,,,,,,,,,,,,,,
TrailerThumbnail12,1051,Relative path (or URL to file in Partner Center),,,,,,,,,,,,,,,,,,,
TrailerThumbnail13,1052,Relative path (or URL to file in Partner Center),,,,,,,,,,,,,,,,,,,
TrailerThumbnail14,1053,Relative path (or URL to file in Partner Center),,,,,,,,,,,,,,,,,,,
TrailerThumbnail15,1054,Relative path (or URL to file in Partner Center),,,,,,,,,,,,,,,,,,,
TrailerClosedCaption1,1055,Relative path (or URL to file in Partner Center),,,,,,,,,,,,,,,,,,,
TrailerClosedCaption2,1056,Relative path (or URL to file in Partner Center),,,,,,,,,,,,,,,,,,,
TrailerClosedCaption3,1057,Relative path (or URL to file in Partner Center),,,,,,,,,,,,,,,,,,,
TrailerClosedCaption4,1058,Relative path (or URL to file in Partner Center),,,,,,,,,,,,,,,,,,,
TrailerClosedCaption5,1059,Relative path (or URL to file in Partner Center),,,,,,,,,,,,,,,,,,,
TrailerClosedCaption6,1060,Relative path (or URL to file in Partner Center),,,,,,,,,,,,,,,,,,,
TrailerClosedCaption7,1061,Relative path (or URL to file in Partner Center),,,,,,,,,,,,,,,,,,,
TrailerClosedCaption8,1062,Relative path (or URL to file in Partner Center),,,,,,,,,,,,,,,,,,,
TrailerClosedCaption9,1063,Relative path (or URL to file in Partner Center),,,,,,,,,,,,,,,,,,,
TrailerClosedCaption10,1064,Relative path (or URL to file in Partner Center),,,,,,,,,,,,,,,,,,,
TrailerClosedCaption11,1065,Relative path (or URL to file in Partner Center),,,,,,,,,,,,,,,,,,,
TrailerClosedCaption12,1066,Relative path (or URL to file in Partner Center),,,,,,,,,,,,,,,,,,,
TrailerClosedCaption13,1067,Relative path (or URL to file in Partner Center),,,,,,,,,,,,,,,,,,,
TrailerClosedCaption14,1068,Relative path (or URL to file in Partner Center),,,,,,,,,,,,,,,,,,,
TrailerClosedCaption15,1069,Relative path (or URL to file in Partner Center),,,,,,,,,,,,,,,,,,,
TrailerAudioDescription1,1070,Relative path (or URL to file in Partner Center),,,,,,,,,,,,,,,,,,,
TrailerAudioDescription2,1071,Relative path (or URL to file in Partner Center),,,,,,,,,,,,,,,,,,,
TrailerAudioDescription3,1072,Relative path (or URL to file in Partner Center),,,,,,,,,,,,,,,,,,,
TrailerAudioDescription4,1073,Relative path (or URL to file in Partner Center),,,,,,,,,,,,,,,,,,,
TrailerAudioDescription5,1074,Relative path (or URL to file in Partner Center),,,,,,,,,,,,,,,,,,,
TrailerAudioDescription6,1075,Relative path (or URL to file in Partner Center),,,,,,,,,,,,,,,,,,,
TrailerAudioDescription7,1076,Relative path (or URL to file in Partner Center),,,,,,,,,,,,,,,,,,,
TrailerAudioDescription8,1077,Relative path (or URL to file in Partner Center),,,,,,,,,,,,,,,,,,,
TrailerAudioDescription9,1078,Relative path (or URL to file in Partner Center),,,,,,,,,,,,,,,,,,,
TrailerAudioDescription10,1079,Relative path (or URL to file in Partner Center),,,,,,,,,,,,,,,,,,,
TrailerAudioDescription11,1080,Relative path (or URL to file in Partner Center),,,,,,,,,,,,,,,,,,,
TrailerAudioDescription12,1081,Relative path (or URL to file in Partner Center),,,,,,,,,,,,,,,,,,,
TrailerAudioDescription13,1082,Relative path (or URL to file in Partner Center),,,,,,,,,,,,,,,,,,,
TrailerAudioDescription14,1083,Relative path (or URL to file in Partner Center),,,,,,,,,,,,,,,,,,,
TrailerAudioDescription15,1084,Relative path (or URL to file in Partner Center),,,,,,,,,,,,,,,,,,,
,,,,,,,,,,,,,,,,,,,,,
,,,,,,,,,,,,,,,,,,,,,
,,,,,,,,,,,,,,,,,,,,,
,,,,,,,,,,,,,,,,,,,,,
,,,,,,,,,,,,,,,,,,,,,
,,,,,,,,,,,,,,,,,,,,,
,,,,,,,,,,,,,,,,,,,,,
,,,,,,,,,,,,,,,,,,,,,
,,,,,,,,,,,,,,,,,,,,,
,,,,,,,,,,,,,,,,,,,,,
,,,,,,,,,,,,,,,,,,,,,
,,,,,,,,,,,,,,,,,,,,,
,,,,,,,,,,,,,,,,,,,,,
,,,,,,,,,,,,,,,,,,,,,
,,,,,,,,,,,,,,,,,,,,,
,,,,,,,,,,,,,,,,,,,,,
,,,,,,,,,,,,,,,,,,,,,
,,,,,,,,,,,,,,,,,,,,,
,,,,,,,,,,,,,,,,,,,,,
,,,,,,,,,,,,,,,,,,,,,
,,,,,,,,,,,,,,,,,,,,,
,,,,,,,,,,,,,,,,,,,,,
,,,,,,,,,,,,,,,,,,,,,
,,,,,,,,,,,,,,,,,,,,,